Sleep,Steps,Mood,Wellness_Score,Sleep_Category,Steps_Category,Mood_Category
6.653,9271.323,8,85.68,Low,Good,Good
0.0,0.0,1,0.0,,,Poor
7.178,6854.637,5,71.9,Optimal,Moderate,Low
7.304,7773.839,6,77.99,Optimal,Moderate,Fair
6.894,7599.051,6,76.4,Low,Moderate,Fair
8.222,10682.864,4,80.0,Optimal,Good,Low
7.871,4945.409,6,71.5,Optimal,Low,Fair
6.828,11409.302,5,79.61,Low,Good,Low
9.903,7207.708,8,73.93,High,Moderate,Good
8.133,10409.349,7,90.0,Optimal,Good,Fair
5.198,9614.889,4,57.22,Poor,Good,Low
7.849,20798.0,6,85.8,Optimal,Extreme,Fair
10.369,386.0,10,54.73,High,Low,Excellent
7.292,8392.609,4,73.18,Optimal,Good,Low
8.313,11803.119,7,90.0,Optimal,Good,Fair
0.508,4870.0,3,21.28,Poor,Low,Poor
0.576,7229.0,2,25.02,Poor,Moderate,Poor
6.668,8326.811,6,76.33,Low,Good,Fair
8.275,11655.362,4,80.0,Optimal,Good,Low
7.195,5557.845,7,74.67,Optimal,Moderate,Fair
6.535,8161.583,7,77.83,Low,Good,Fair
8.608,8470.636,7,83.41,Optimal,Good,Fair
7.57,8866.946,7,86.6,Optimal,Good,Fair
7.479,6853.32,5,71.89,Optimal,Moderate,Low
7.208,6175.892,7,76.53,Optimal,Moderate,Fair
6.714,7830.361,6,75.3,Low,Moderate,Fair
3.598,16811.0,2,37.85,Poor,High,Poor
6.818,7261.227,6,74.63,Low,Moderate,Fair
0.0,0.0,1,0.0,,,Poor
6.433,20234.0,9,88.21,Low,Extreme,Good
6.085,7668.944,7,71.86,Low,Moderate,Fair
7.513,12556.804,4,80.0,Optimal,High,Low
13.399,9414.0,8,51.58,Excessive,Good,Good
5.981,9803.247,7,77.18,Poor,Good,Fair
1.069,3724.0,5,24.51,Poor,Low,Low
7.626,11497.152,4,80.0,Optimal,Good,Low
6.837,8638.321,7,82.28,Low,Good,Fair
7.799,7211.055,4,71.63,Optimal,Moderate,Low
7.529,5224.0,1,55.67,Optimal,Moderate,Poor
7.666,0.0,2,43.33,Optimal,,Poor
6.408,13023.079,8,85.41,Low,High,Good
6.432,4789.81,6,63.36,Low,Low,Fair
8.648,6301.341,7,76.9,Optimal,Moderate,Fair
10.0,9868.856,6,74.27,High,Good,Fair
7.848,12589.537,7,90.0,Optimal,High,Fair
7.576,8293.018,5,78.21,Optimal,Good,Low
6.661,5843.876,7,72.14,Low,Moderate,Fair
9.086,6908.315,6,74.53,High,Moderate,Fair
6.465,9063.49,5,73.17,Low,Good,Low
14.526,5323.0,6,32.64,Excessive,Moderate,Fair
2.547,1663.0,9,31.69,Poor,Low,Good
2.319,1081.0,10,33.24,Poor,Low,Excellent
7.074,6986.794,6,75.63,Optimal,Moderate,Fair
8.209,9117.253,8,90.69,Optimal,Good,Good
7.521,6082.048,4,68.25,Optimal,Moderate,Low
7.93,9990.422,5,83.3,Optimal,Good,Low
7.549,7500.38,5,75.83,Optimal,Moderate,Low
7.463,5690.268,5,68.4,Optimal,Moderate,Low
7.481,9490.061,7,86.47,Optimal,Good,Fair
6.581,7548.687,6,73.12,Low,Moderate,Fair
9.236,7265.859,8,80.77,High,Moderate,Good
7.505,5498.608,5,69.83,Optimal,Moderate,Low
7.796,5861.426,6,74.25,Optimal,Moderate,Fair
7.491,9092.547,7,85.28,Optimal,Good,Fair
7.807,6753.299,8,83.59,Optimal,Moderate,Good
7.548,8204.15,4,74.61,Optimal,Good,Low
8.418,7207.748,8,84.96,Optimal,Moderate,Good
6.052,8594.79,5,67.64,Low,Good,Low
6.375,8369.621,7,76.86,Low,Good,Fair
9.642,8248.145,6,72.99,High,Good,Fair
10.547,4110.0,6,50.43,High,Low,Fair
7.605,8133.185,6,81.07,Optimal,Good,Fair
9.042,8191.472,4,72.15,High,Good,Low
8.627,9518.357,5,79.89,Optimal,Good,Low
10.762,877.0,10,51.49,High,Low,Excellent
8.581,7423.216,7,80.27,Optimal,Moderate,Fair
6.438,8285.702,8,80.57,Low,Good,Good
7.03,0.0,5,51.33,Optimal,,Low
6.281,24135.0,10,89.44,Low,Extreme,Excellent
7.687,5954.829,4,67.86,Optimal,Moderate,Low
8.039,8469.956,7,85.41,Optimal,Good,Fair
7.4,8994.31,5,78.32,Optimal,Good,Low
12.855,23183.0,10,58.77,Excessive,Extreme,Excellent
6.875,5229.143,8,75.77,Low,Moderate,Good
8.458,12209.0,1,70.0,Optimal,High,Poor
9.001,7447.361,7,80.33,High,Moderate,Fair
6.616,4135.666,6,63.23,Low,Low,Fair
11.706,6560.0,4,34.38,High,Moderate,Low
7.597,8435.0,1,65.3,Optimal,Good,Poor
7.869,8285.619,7,84.86,Optimal,Good,Fair
7.62,7573.34,4,72.72,Optimal,Moderate,Low
7.24,9298.995,6,82.56,Optimal,Good,Fair
7.745,19412.0,6,86.0,Optimal,High,Fair
7.396,7411.803,8,83.57,Optimal,Moderate,Good
8.603,7265.179,4,69.8,Optimal,Moderate,Low
2.129,1493.0,10,34.48,Poor,Low,Excellent
7.993,8030.454,7,84.09,Optimal,Good,Fair
6.682,11114.754,8,88.15,Low,Good,Good
6.477,13003.29,6,79.44,Low,High,Fair
6.021,4958.917,8,66.42,Low,Low,Good
6.501,5657.568,8,73.32,Low,Moderate,Good
7.279,4708.815,6,68.79,Optimal,Low,Fair
7.43,8067.802,4,72.2,Optimal,Good,Low
10.0,7028.932,8,72.42,High,Moderate,Good
3.081,553.0,9,28.97,Poor,Low,Good
6.974,6159.523,4,66.22,Low,Moderate,Low
6.847,8590.855,6,78.91,Low,Good,Fair
7.473,7488.139,6,77.13,Optimal,Moderate,Fair
7.626,9520.644,7,88.56,Optimal,Good,Fair
6.22,8374.591,8,78.66,Low,Good,Good
6.321,6804.949,7,71.62,Low,Moderate,Fair
6.856,6999.228,8,80.89,Low,Moderate,Good
7.078,0.0,4,48.0,Optimal,,Low
7.861,8672.142,4,76.02,Optimal,Good,Low
8.62,8425.9,8,86.61,Optimal,Good,Good
0.734,4734.0,5,27.54,Poor,Low,Low
6.744,7524.578,5,71.35,Low,Moderate,Low
7.781,9499.9,5,81.83,Optimal,Good,Low
8.095,6484.288,5,72.79,Optimal,Moderate,Low
6.484,8254.185,4,67.6,Low,Good,Low
8.37,8657.866,4,75.97,Optimal,Good,Low
4.797,7203.128,7,55.99,Poor,Moderate,Fair
1.081,3850.0,4,21.55,Poor,Low,Low
8.37,8128.334,4,74.39,Optimal,Good,Low
9.252,6723.446,4,65.65,High,Moderate,Low
0.0,0.0,1,0.0,,,Poor
8.636,6281.0,8,80.18,Optimal,Moderate,Good
7.904,7385.883,8,85.49,Optimal,Moderate,Good
1.669,6559.0,5,33.01,Poor,Moderate,Low
7.714,9688.566,7,89.07,Optimal,Good,Fair
11.455,647.0,10,40.66,High,Low,Excellent
6.22,6917.749,4,60.95,Low,Moderate,Low
7.115,8866.777,5,77.93,Optimal,Good,Low
7.92,9058.612,4,77.18,Optimal,Good,Low
3.037,1738.0,10,35.51,Poor,Low,Excellent
7.352,11244.35,7,88.0,Optimal,Good,Fair
8.501,6748.839,8,81.58,Optimal,Moderate,Good
12.388,7598.0,7,42.88,Excessive,Moderate,Fair
7.342,6561.987,4,67.69,Optimal,Moderate,Low
8.073,7496.838,4,72.49,Optimal,Moderate,Low
6.949,10797.182,7,87.49,Low,Good,Fair
6.428,8264.373,8,80.41,Low,Good,Good
3.302,1054.0,9,32.24,Poor,Low,Good
6.89,8529.169,6,79.15,Low,Good,Fair
7.251,5764.501,8,78.63,Optimal,Moderate,Good
7.966,10435.396,8,93.33,Optimal,Good,Good
7.21,17699.0,10,97.6,Optimal,High,Excellent
8.11,10321.398,5,83.33,Optimal,Good,Low
5.855,7626.228,4,59.14,Poor,Moderate,Low
7.756,8722.831,7,86.17,Optimal,Good,Fair
7.811,10071.449,7,90.0,Optimal,Good,Fair
7.623,11257.876,4,80.0,Optimal,Good,Low
9.109,489.0,10,68.38,High,Low,Excellent
7.535,7833.24,7,83.5,Optimal,Moderate,Fair
6.855,7626.393,6,76.1,Low,Moderate,Fair
5.997,7272.161,4,59.78,Poor,Moderate,Low
6.078,8193.352,6,70.03,Low,Good,Fair
7.402,4636.846,6,68.58,Optimal,Low,Fair
6.853,5311.911,6,69.13,Low,Moderate,Fair
7.62,11016.095,7,90.0,Optimal,Good,Fair
9.349,5734.672,8,75.05,High,Moderate,Good
7.69,10570.771,5,83.33,Optimal,Good,Low
6.565,5483.951,4,60.1,Low,Moderate,Low
7.669,7321.526,7,81.96,Optimal,Moderate,Fair
7.572,7475.71,5,75.76,Optimal,Moderate,Low
7.724,10360.982,7,90.0,Optimal,Good,Fair
6.035,4380.0,10,71.49,Low,Low,Excellent
7.23,4305.183,6,67.58,Optimal,Low,Fair
7.313,4011.742,5,63.37,Optimal,Low,Low
7.655,0.0,3,46.67,Optimal,,Poor
6.692,8359.662,8,83.33,Low,Good,Good
8.15,10302.259,5,83.33,Optimal,Good,Low
8.746,6625.547,8,81.21,Optimal,Moderate,Good
7.444,8099.606,7,82.3,Optimal,Good,Fair
9.065,6972.323,8,81.6,High,Moderate,Good
7.426,4847.297,4,62.54,Optimal,Low,Low
14.873,20680.0,10,59.15,Excessive,Extreme,Excellent
10.0,9873.008,8,80.95,High,Good,Good
2.075,1669.0,9,31.67,Poor,Low,Good
7.325,6485.746,5,70.79,Optimal,Moderate,Low
7.823,7511.438,8,85.87,Optimal,Moderate,Good
7.844,4268.91,6,69.47,Optimal,Low,Fair
8.0,10000.0,10,100.0,Optimal,Good,Excellent
6.082,0.0,3,35.49,Low,,Poor
6.661,10216.086,8,87.94,Low,Good,Good
6.908,5724.625,6,70.92,Low,Moderate,Fair
7.434,6334.59,5,70.34,Optimal,Moderate,Low
8.091,10366.648,6,86.67,Optimal,Good,Fair
7.81,7650.359,6,79.62,Optimal,Moderate,Fair
7.114,12722.0,1,68.0,Optimal,High,Poor
7.388,7650.111,4,70.95,Optimal,Moderate,Low
2.173,1418.0,10,34.25,Poor,Low,Excellent
8.817,8666.48,4,74.0,Optimal,Good,Low
8.53,8273.344,4,72.82,Optimal,Good,Low
0.0,3292.0,3,16.54,,Low,Poor
8.701,8314.517,8,86.28,Optimal,Good,Good
8.464,8099.342,4,74.3,Optimal,Good,Low
6.175,24338.0,4,68.35,Low,Extreme,Low
7.797,14632.0,1,70.0,Optimal,High,Poor
7.218,7015.019,4,69.05,Optimal,Moderate,Low
8.576,9169.367,7,85.51,Optimal,Good,Fair
5.985,7413.189,4,60.06,Poor,Moderate,Low
6.592,7445.368,7,76.26,Low,Moderate,Fair
12.175,9712.0,6,46.06,Excessive,Good,Fair
8.134,5341.63,5,69.36,Optimal,Moderate,Low
7.549,6544.655,4,69.63,Optimal,Moderate,Low
8.093,8662.971,8,89.32,Optimal,Good,Good
7.021,4748.801,5,65.58,Optimal,Low,Low
8.504,3527.342,7,68.58,Optimal,Low,Fair
6.765,5818.207,4,63.1,Low,Moderate,Low
3.474,1138.0,10,37.21,Poor,Low,Excellent
9.347,10387.29,7,84.53,High,Good,Fair
6.707,4327.856,5,61.39,Low,Low,Low
6.73,9209.185,6,79.59,Low,Good,Fair
7.157,10580.522,7,88.0,Optimal,Good,Fair
6.797,7236.135,8,81.01,Low,Moderate,Good
7.255,7635.164,7,80.91,Optimal,Moderate,Fair
6.877,8001.0,6,77.44,Low,Good,Fair
6.874,9193.724,5,77.65,Low,Good,Low
6.46,6919.794,8,76.69,Low,Moderate,Good
7.372,10482.295,5,81.33,Optimal,Good,Low
8.173,5850.071,6,74.22,Optimal,Moderate,Fair
9.062,7834.279,5,74.22,High,Moderate,Low
8.259,6318.785,8,82.29,Optimal,Moderate,Good
6.772,9745.837,6,81.62,Low,Good,Fair
8.457,4179.576,7,72.54,Optimal,Low,Fair
7.598,9314.73,4,77.94,Optimal,Good,Low
7.166,0.0,2,41.33,Optimal,,Poor
8.697,4557.648,5,65.01,Optimal,Low,Low
6.455,7187.515,8,77.45,Low,Moderate,Good
10.0,9885.09,8,80.99,High,Good,Good
7.231,8369.736,4,73.11,Optimal,Good,Low
11.055,8642.0,6,57.71,High,Good,Fair
9.377,7876.32,8,81.19,High,Moderate,Good
8.39,5348.412,6,72.71,Optimal,Moderate,Fair
7.19,8283.532,7,82.85,Optimal,Good,Fair
7.877,7544.224,8,85.97,Optimal,Moderate,Good
8.661,6651.619,4,67.95,Optimal,Moderate,Low
6.898,5938.574,8,78.13,Low,Moderate,Good
7.889,6480.987,6,76.11,Optimal,Moderate,Fair
7.015,7061.717,6,75.85,Optimal,Moderate,Fair
0.0,4980.0,5,28.27,,Low,Low
6.605,6874.616,4,64.67,Low,Moderate,Low
7.716,7587.37,5,76.1,Optimal,Moderate,Low
8.007,10809.885,6,86.67,Optimal,Good,Fair
9.05,7828.784,6,77.65,High,Moderate,Fair
7.611,9718.628,7,89.16,Optimal,Good,Fair
14.297,6246.0,6,35.4,Excessive,Moderate,Fair
7.098,0.0,6,54.67,Optimal,,Fair
7.637,7784.011,7,83.35,Optimal,Moderate,Fair
10.938,1378.0,6,37.54,High,Low,Fair
6.317,4307.903,8,67.43,Low,Low,Good
0.0,0.0,1,0.0,,,Poor
8.371,13537.785,4,80.0,Optimal,High,Low
7.567,10693.287,6,86.67,Optimal,Good,Fair
8.212,11166.955,8,93.33,Optimal,Good,Good
7.714,9354.719,6,84.73,Optimal,Good,Fair
6.276,7257.451,6,69.2,Low,Moderate,Fair
5.028,9005.43,4,53.35,Poor,Good,Low
7.544,6055.695,4,68.17,Optimal,Moderate,Low
6.251,0.0,3,37.18,Low,,Poor
7.6,9309.353,7,87.93,Optimal,Good,Fair
9.415,900.0,10,66.55,High,Low,Excellent
6.848,10230.867,4,76.48,Low,Good,Low
7.76,5772.962,8,80.65,Optimal,Moderate,Good
7.819,9536.668,6,85.28,Optimal,Good,Fair
7.834,6901.28,6,77.37,Optimal,Moderate,Fair
8.372,20846.0,8,92.46,Optimal,Extreme,Good
1.487,5415.0,3,22.91,Poor,Moderate,Poor
6.24,19863.0,7,79.67,Low,High,Fair
7.277,10420.487,5,81.33,Optimal,Good,Low
2.858,21258.0,2,32.68,Poor,Extreme,Poor
7.987,3752.634,5,64.59,Optimal,Low,Low
6.353,18986.0,9,87.6,Low,High,Good
6.795,7680.63,4,68.99,Low,Moderate,Low
6.808,6076.23,4,64.31,Low,Moderate,Low
7.245,0.0,2,41.33,Optimal,,Poor
8.0,10000.0,10,100.0,Optimal,Good,Excellent
7.442,6464.977,4,67.39,Optimal,Moderate,Low
8.139,2718.205,7,68.15,Optimal,Low,Fair
8.219,9964.358,8,93.23,Optimal,Good,Good
6.537,0.0,3,40.04,Low,,Poor
6.432,6144.432,7,70.75,Low,Moderate,Fair
6.938,7428.993,4,69.67,Low,Moderate,Low
7.622,3602.614,8,74.14,Optimal,Low,Good
7.739,12296.966,5,83.33,Optimal,High,Low
7.685,6748.231,8,83.58,Optimal,Moderate,Good
7.41,7766.979,6,77.97,Optimal,Moderate,Fair
9.255,9550.847,7,84.1,High,Good,Fair
7.521,11696.701,7,90.0,Optimal,Good,Fair
7.37,9951.357,4,77.85,Optimal,Good,Low
7.945,24695.0,4,78.55,Optimal,Extreme,Low
5.808,5021.707,8,64.09,Poor,Moderate,Good
12.804,5491.0,5,29.81,Excessive,Moderate,Low
8.674,18686.0,6,84.11,Optimal,High,Fair
6.831,8844.217,8,86.18,Low,Good,Good
7.573,18374.0,10,99.49,Optimal,High,Excellent
8.253,6505.921,6,76.18,Optimal,Moderate,Fair
8.109,7329.2,5,75.32,Optimal,Moderate,Low
8.17,8634.294,5,79.24,Optimal,Good,Low
7.777,8688.768,5,79.4,Optimal,Good,Low
7.443,10099.988,4,78.0,Optimal,Good,Low
8.291,7402.807,6,78.88,Optimal,Moderate,Fair
8.378,22948.0,10,98.81,Optimal,Extreme,Excellent
7.434,8220.779,8,86.0,Optimal,Good,Good
12.15,5581.0,6,33.69,Excessive,Moderate,Fair
8.418,11394.864,7,90.0,Optimal,Good,Fair
8.419,7102.392,7,81.31,Optimal,Moderate,Fair
7.962,7954.844,6,80.53,Optimal,Moderate,Fair
7.573,9998.838,5,83.33,Optimal,Good,Low
8.594,8400.03,6,79.87,Optimal,Good,Fair
11.338,292.0,10,41.47,High,Low,Excellent
7.547,10268.59,5,83.33,Optimal,Good,Low
6.217,6895.884,8,74.19,Low,Moderate,Good
8.0,10000.0,10,100.0,Optimal,Good,Excellent
6.774,0.0,2,39.07,Low,,Poor
7.26,7415.983,6,76.91,Optimal,Moderate,Fair
8.334,8298.712,6,81.56,Optimal,Good,Fair
12.216,23416.0,10,58.96,Excessive,Extreme,Excellent
7.088,8565.892,5,77.03,Optimal,Good,Low
7.832,8345.054,8,88.37,Optimal,Good,Good
6.679,7787.557,8,81.49,Low,Moderate,Good
8.772,8151.519,8,85.79,Optimal,Good,Good
6.467,16028.0,9,89.18,Low,High,Good
8.246,7909.07,4,73.73,Optimal,Moderate,Low
6.923,9093.922,5,77.85,Low,Good,Low
7.251,8641.753,8,87.26,Optimal,Good,Good
8.726,8028.0,5,75.42,Optimal,Good,Low
9.51,6868.977,4,63.51,High,Moderate,Low
7.576,7434.227,8,85.64,Optimal,Moderate,Good
6.722,8755.658,6,78.15,Low,Good,Fair
8.218,10781.465,6,86.67,Optimal,Good,Fair
6.77,7246.599,4,67.44,Low,Moderate,Low
7.745,10411.912,6,86.67,Optimal,Good,Fair
6.276,7329.801,5,66.08,Low,Moderate,Low
4.849,8044.408,7,58.93,Poor,Good,Fair
5.797,6458.526,7,64.94,Poor,Moderate,Fair
5.984,7810.752,4,61.24,Poor,Moderate,Low
6.494,9216.816,5,73.92,Low,Good,Low
8.0,10000.0,10,100.0,Optimal,Good,Excellent
5.894,4956.806,7,61.6,Poor,Low,Fair
6.946,7489.12,7,79.93,Low,Moderate,Fair
9.561,6333.253,4,61.39,High,Moderate,Low
7.807,10073.294,8,93.33,Optimal,Good,Good
8.106,8681.308,8,89.38,Optimal,Good,Good
8.352,11533.311,7,90.0,Optimal,Good,Fair
7.265,10573.195,4,78.0,Optimal,Good,Low
7.683,8211.308,8,87.97,Optimal,Good,Good
8.162,3587.162,4,60.76,Optimal,Low,Low
8.041,8587.298,4,75.76,Optimal,Good,Low
8.323,7785.29,5,76.69,Optimal,Moderate,Low
12.311,8637.0,4,36.06,Excessive,Good,Low
7.057,9874.134,5,80.96,Optimal,Good,Low
6.498,8193.94,6,74.23,Low,Good,Fair
0.0,4160.0,4,22.48,,Low,Low
6.29,8147.866,6,72.01,Low,Good,Fair
8.087,7535.741,5,75.94,Optimal,Moderate,Low
2.079,820.0,9,29.13,Poor,Low,Good
8.214,7461.967,4,72.39,Optimal,Moderate,Low
8.12,20508.0,9,95.84,Optimal,Extreme,Good
7.822,8397.589,4,75.19,Optimal,Good,Low
3.824,864.0,9,35.85,Poor,Low,Good
5.633,10486.469,6,70.26,Poor,Good,Fair
8.856,8923.333,4,74.77,Optimal,Good,Low
7.929,11170.0,1,70.0,Optimal,Good,Poor
7.34,10166.681,7,88.0,Optimal,Good,Fair
7.971,6419.974,5,72.59,Optimal,Moderate,Low
6.581,8577.264,8,82.88,Low,Good,Good
12.746,5749.0,6,33.91,Excessive,Moderate,Fair
7.761,7459.446,5,75.71,Optimal,Moderate,Low
6.447,9419.569,7,80.73,Low,Good,Fair
5.737,10057.309,6,71.51,Poor,Good,Fair
7.313,5157.694,6,70.14,Optimal,Moderate,Fair
7.205,11663.245,4,78.0,Optimal,Good,Low
8.425,11676.201,7,90.0,Optimal,Good,Fair
7.582,5143.703,8,78.76,Optimal,Moderate,Good
9.003,10016.008,7,87.97,High,Good,Fair
6.14,5877.413,4,57.03,Low,Moderate,Low
6.075,9619.779,8,80.94,Low,Good,Good
7.43,5358.149,8,77.41,Optimal,Moderate,Good
8.454,9050.381,7,87.15,Optimal,Good,Fair
8.738,7254.119,8,83.1,Optimal,Moderate,Good
10.0,10538.345,8,81.33,High,Good,Good
7.321,0.0,6,54.67,Optimal,,Fair
8.209,6138.672,7,78.42,Optimal,Moderate,Fair
3.45,1417.0,10,37.85,Poor,Low,Excellent
12.579,4845.0,4,24.53,Excessive,Low,Low
8.874,11112.615,7,88.0,Optimal,Good,Fair
7.467,8557.984,8,87.01,Optimal,Good,Good
7.366,7747.736,4,71.24,Optimal,Moderate,Low
14.263,6917.0,3,27.42,Excessive,Moderate,Poor
0.0,0.0,1,0.0,,,Poor
8.019,7407.908,7,82.22,Optimal,Moderate,Fair
7.296,8365.059,4,73.1,Optimal,Good,Low
8.975,9639.457,5,80.25,Optimal,Good,Low
6.822,6309.743,6,71.82,Low,Moderate,Fair
0.0,2822.0,3,15.13,,Low,Poor
8.071,11135.592,8,93.33,Optimal,Good,Good
5.347,5562.569,8,60.19,Poor,Moderate,Good
8.13,8489.639,4,75.47,Optimal,Good,Low
8.778,9305.293,7,85.92,Optimal,Good,Fair
8.484,7594.165,4,72.78,Optimal,Moderate,Low
8.079,5909.571,8,81.06,Optimal,Moderate,Good
9.272,4281.173,8,71.46,High,Low,Good
8.643,11252.761,6,84.67,Optimal,Good,Fair
9.815,9522.611,5,71.75,High,Good,Low
7.515,9934.622,7,89.8,Optimal,Good,Fair
8.591,5647.96,5,68.28,Optimal,Moderate,Low
8.0,10000.0,10,100.0,Optimal,Good,Excellent
7.686,4348.032,7,73.04,Optimal,Low,Fair
8.108,7059.513,6,77.85,Optimal,Moderate,Fair
5.937,6313.197,4,56.18,Poor,Moderate,Low
7.184,7918.899,8,85.09,Optimal,Moderate,Good
7.389,10183.892,7,88.0,Optimal,Good,Fair
5.977,11018.915,8,81.06,Poor,Good,Good
8.0,10000.0,10,100.0,Optimal,Good,Excellent
8.2,8048.815,5,77.48,Optimal,Good,Low
2.876,20791.0,1,29.43,Poor,Extreme,Poor
7.138,11150.779,8,91.33,Optimal,Good,Good
0.754,2817.0,5,21.78,Poor,Low,Low
5.587,4750.404,7,57.3,Poor,Low,Fair
9.033,7519.694,5,73.56,High,Moderate,Low
8.756,8576.822,4,73.73,Optimal,Good,Low
8.4,6004.651,8,81.35,Optimal,Moderate,Good
8.347,9375.129,6,84.79,Optimal,Good,Fair
6.977,5907.29,4,65.49,Low,Moderate,Low
7.574,6416.581,6,75.92,Optimal,Moderate,Fair
8.014,9919.913,5,83.09,Optimal,Good,Low
9.575,5860.08,8,73.16,High,Moderate,Good
0.0,1811.0,3,12.1,,Low,Poor
6.596,11540.335,6,80.63,Low,Good,Fair
9.376,7688.869,4,67.31,High,Moderate,Low
8.942,5375.635,5,67.46,Optimal,Moderate,Low
8.372,10133.74,8,93.33,Optimal,Good,Good
7.085,8677.397,7,84.03,Optimal,Good,Fair
5.376,9197.478,6,64.77,Poor,Good,Fair
7.291,10249.674,6,84.67,Optimal,Good,Fair
7.714,0.0,2,43.33,Optimal,,Poor
7.884,7556.623,8,86.0,Optimal,Moderate,Good
7.838,10402.03,7,90.0,Optimal,Good,Fair
7.69,8801.384,8,89.74,Optimal,Good,Good
7.964,0.0,5,53.33,Optimal,,Low
8.954,8681.905,6,80.71,Optimal,Good,Fair
6.092,6997.261,6,66.58,Low,Moderate,Fair
6.598,0.0,5,47.31,Low,,Low
8.554,9428.638,4,76.29,Optimal,Good,Low
14.692,6424.0,3,25.94,Excessive,Moderate,Poor
8.947,6949.222,4,68.85,Optimal,Moderate,Low
6.078,9153.588,4,66.24,Low,Good,Low
7.701,7636.216,6,79.58,Optimal,Moderate,Fair
5.924,6282.375,4,55.94,Poor,Moderate,Low
8.567,7025.221,5,72.41,Optimal,Moderate,Low
9.115,9343.396,8,88.21,High,Good,Good
7.031,8458.628,6,80.04,Optimal,Good,Fair
8.589,6364.144,4,67.09,Optimal,Moderate,Low
10.268,150.0,10,55.23,High,Low,Excellent
7.437,6586.54,7,77.76,Optimal,Moderate,Fair
8.182,11070.297,6,86.67,Optimal,Good,Fair
7.824,7209.57,6,78.3,Optimal,Moderate,Fair
8.037,3477.418,8,73.77,Optimal,Low,Good
0.0,1404.0,2,7.55,,Low,Poor
8.186,6637.89,8,83.25,Optimal,Moderate,Good
9.653,9672.657,4,70.49,High,Good,Low
7.904,7415.49,8,85.58,Optimal,Moderate,Good
6.807,7804.027,4,69.48,Low,Moderate,Low
6.591,8548.055,4,69.55,Low,Good,Low
7.841,6992.306,8,84.31,Optimal,Moderate,Good
7.444,8860.131,5,77.91,Optimal,Good,Low
7.717,10853.186,5,83.33,Optimal,Good,Low
7.017,6956.186,7,78.87,Optimal,Moderate,Fair
7.006,11687.797,4,78.0,Optimal,Good,Low
7.324,7452.998,5,73.69,Optimal,Moderate,Low
7.826,8457.326,8,88.71,Optimal,Good,Good
0.967,5309.0,5,29.26,Poor,Moderate,Low
7.802,6876.824,5,73.96,Optimal,Moderate,Low
7.587,8321.155,4,74.96,Optimal,Good,Low
9.051,12889.166,7,87.49,High,High,Fair
8.154,7923.72,4,73.77,Optimal,Moderate,Low
8.119,8465.743,6,82.06,Optimal,Good,Fair
0.0,4035.0,2,15.44,,Low,Poor
6.669,8018.93,5,72.08,Low,Good,Low
8.131,8899.8,5,80.03,Optimal,Good,Low
9.68,910.0,10,63.93,High,Low,Excellent
7.217,18739.0,7,87.44,Optimal,High,Fair
7.455,0.0,2,41.33,Optimal,,Poor
7.823,8007.761,5,77.36,Optimal,Good,Low
8.472,7282.592,7,81.85,Optimal,Moderate,Fair
6.347,0.0,4,41.47,Low,,Low
3.66,556.0,10,36.95,Poor,Low,Excellent
7.454,9569.563,4,76.71,Optimal,Good,Low
8.196,10301.215,4,80.0,Optimal,Good,Low
4.651,7746.528,6,53.11,Poor,Moderate,Fair
8.464,7804.338,6,80.08,Optimal,Moderate,Fair
8.649,8276.381,7,82.83,Optimal,Good,Fair
13.316,8262.0,3,31.45,Excessive,Good,Poor
6.274,7746.239,6,70.65,Low,Moderate,Fair
6.71,6855.612,4,65.67,Low,Moderate,Low
8.649,10798.567,4,78.0,Optimal,Good,Low
9.858,878.0,10,62.05,High,Low,Excellent
7.296,7411.39,7,80.23,Optimal,Moderate,Fair
6.673,6514.45,7,74.27,Low,Moderate,Fair
7.829,6739.427,5,73.55,Optimal,Moderate,Low
7.235,5960.988,6,72.55,Optimal,Moderate,Fair
7.327,7068.61,7,79.21,Optimal,Moderate,Fair
6.995,12547.882,4,77.95,Low,High,Low
8.101,11364.0,1,70.0,Optimal,Good,Poor
6.184,21906.0,7,78.8,Low,Extreme,Fair
13.887,21734.0,10,58.99,Excessive,Extreme,Excellent
6.636,8378.222,6,76.16,Low,Good,Fair
5.076,10717.166,6,63.58,Poor,Good,Fair
6.404,8334.074,5,70.38,Low,Good,Low
7.198,10410.191,6,84.67,Optimal,Good,Fair
6.85,20916.0,7,85.61,Low,Extreme,Fair
6.397,7701.137,6,71.74,Low,Moderate,Fair
9.023,6814.981,5,71.55,High,Moderate,Low
6.877,4145.0,1,49.21,Low,Low,Poor
8.0,10000.0,10,100.0,Optimal,Good,Excellent
3.787,12789.0,2,39.63,Poor,High,Poor
3.614,1241.0,10,38.64,Poor,Low,Excellent
9.038,11914.349,8,90.95,High,Good,Good
6.304,5397.313,6,63.9,Low,Moderate,Fair
8.436,8218.815,4,74.66,Optimal,Good,Low
7.32,8011.876,7,82.04,Optimal,Good,Fair
2.066,4981.0,2,18.28,Poor,Low,Poor
6.354,5351.826,6,64.26,Low,Moderate,Fair
8.669,9067.296,6,81.87,Optimal,Good,Fair
2.693,19740.0,2,32.78,Poor,High,Poor
2.835,1870.0,10,35.88,Poor,Low,Excellent
7.105,0.0,2,41.33,Optimal,,Poor
8.116,8846.425,7,86.54,Optimal,Good,Fair
6.562,7660.664,7,76.6,Low,Moderate,Fair
7.641,7078.335,6,77.9,Optimal,Moderate,Fair
9.94,5811.27,8,69.37,High,Moderate,Good
8.94,11329.604,4,78.0,Optimal,Good,Low
7.36,4734.244,8,75.54,Optimal,Low,Good
8.668,6891.889,6,75.34,Optimal,Moderate,Fair
7.558,9346.264,5,81.37,Optimal,Good,Low
8.536,19384.0,7,87.34,Optimal,High,Fair
8.251,9641.934,8,92.26,Optimal,Good,Good
8.047,10425.216,6,86.67,Optimal,Good,Fair
7.914,7877.623,4,73.63,Optimal,Moderate,Low
8.476,6297.259,6,75.56,Optimal,Moderate,Fair
2.366,6721.0,3,26.83,Poor,Moderate,Poor
8.014,5308.833,4,65.93,Optimal,Moderate,Low
7.694,11459.771,4,80.0,Optimal,Good,Low
9.114,7185.237,7,78.42,High,Moderate,Fair
6.532,7915.263,6,73.73,Low,Moderate,Fair
8.659,6812.194,8,81.77,Optimal,Moderate,Good
6.312,8919.561,4,67.88,Low,Good,Low
8.438,10276.831,8,93.33,Optimal,Good,Good
8.767,11246.526,7,88.0,Optimal,Good,Fair
3.363,18131.0,1,32.43,Poor,High,Poor
8.875,5147.755,7,73.44,Optimal,Moderate,Fair
0.978,1858.0,5,18.91,Poor,Low,Low
7.484,19808.0,6,83.95,Optimal,High,Fair
4.909,6214.341,8,57.25,Poor,Moderate,Good
8.966,9704.358,8,90.45,Optimal,Good,Good
6.918,8021.758,8,84.58,Low,Good,Good
6.901,12328.015,7,87.01,Low,High,Fair
8.506,9241.495,8,89.06,Optimal,Good,Good
5.884,6512.228,6,62.81,Poor,Moderate,Fair
5.137,7745.074,7,60.88,Poor,Moderate,Fair
6.982,6185.984,6,73.04,Low,Moderate,Fair
7.18,5699.656,5,68.43,Optimal,Moderate,Low
5.916,8947.868,4,63.84,Poor,Good,Low
5.907,10676.051,4,66.88,Poor,Good,Low
8.941,7427.663,8,83.62,Optimal,Moderate,Good
6.929,10601.054,4,77.29,Low,Good,Low
8.175,8137.274,7,84.41,Optimal,Good,Fair
9.028,6060.993,7,75.9,High,Moderate,Fair
6.967,6234.069,7,76.37,Low,Moderate,Fair
7.528,11808.867,6,86.67,Optimal,Good,Fair
0.0,0.0,1,0.0,,,Poor
5.741,8509.994,4,60.42,Poor,Good,Low
7.734,6648.372,4,69.95,Optimal,Moderate,Low
7.451,11139.733,7,88.0,Optimal,Good,Fair
0.0,1425.0,2,7.61,,Low,Poor
6.946,8373.524,6,79.25,Low,Good,Fair
7.592,11446.931,7,90.0,Optimal,Good,Fair
7.487,8297.82,5,76.23,Optimal,Good,Low
9.184,8887.047,5,76.15,High,Good,Low
2.05,12307.0,1,30.0,Poor,High,Poor
7.686,17079.0,9,96.35,Optimal,High,Good
6.66,6961.685,8,78.82,Low,Moderate,Good
5.664,8710.864,7,70.1,Poor,Good,Fair
9.577,10032.187,6,78.9,High,Good,Fair
6.971,10163.443,8,91.04,Low,Good,Good
7.617,8505.18,5,78.85,Optimal,Good,Low
10.0,6269.857,6,63.48,High,Moderate,Fair
8.691,12371.423,4,78.0,Optimal,High,Low
8.353,7403.187,5,75.54,Optimal,Moderate,Low
14.071,8086.0,10,54.26,Excessive,Good,Excellent
7.465,8970.003,5,78.24,Optimal,Good,Low
7.794,9945.235,4,79.84,Optimal,Good,Low
8.226,7122.508,7,81.37,Optimal,Moderate,Fair
6.964,9862.539,6,83.89,Low,Good,Fair
6.524,5263.462,4,59.03,Low,Moderate,Low
13.158,22322.0,10,58.9,Excessive,Extreme,Excellent
7.703,11493.478,5,83.33,Optimal,Good,Low
7.275,8196.997,5,75.92,Optimal,Good,Low
7.428,6072.833,7,76.22,Optimal,Moderate,Fair
7.208,6627.326,8,81.22,Optimal,Moderate,Good
5.633,5708.199,6,57.39,Poor,Moderate,Fair
6.547,5566.682,8,73.5,Low,Moderate,Good
9.176,5662.518,4,63.23,High,Moderate,Low
6.375,5764.442,8,72.38,Low,Moderate,Good
7.779,12828.435,4,80.0,Optimal,High,Low
7.981,8288.687,6,81.53,Optimal,Good,Fair
7.748,8867.498,4,76.6,Optimal,Good,Low
7.743,9243.044,7,87.73,Optimal,Good,Fair
7.248,8868.592,6,81.27,Optimal,Good,Fair
8.001,9918.881,7,89.76,Optimal,Good,Fair
8.736,12560.999,8,91.33,Optimal,High,Good
7.494,4565.876,5,65.03,Optimal,Low,Low
6.56,6337.458,4,62.61,Low,Moderate,Low
8.565,4671.047,8,75.35,Optimal,Low,Good
7.781,23320.0,10,98.75,Optimal,Extreme,Excellent
7.016,10505.231,5,81.33,Optimal,Good,Low
6.435,4853.1,4,56.91,Low,Low,Low
6.8,7728.145,7,79.18,Low,Moderate,Fair
6.78,7532.17,4,68.4,Low,Moderate,Low
2.075,430.0,9,27.96,Poor,Low,Good
6.036,6348.032,4,57.4,Low,Moderate,Low
7.857,5864.73,4,67.59,Optimal,Moderate,Low
8.016,5477.576,7,76.43,Optimal,Moderate,Fair
8.33,9313.894,5,81.28,Optimal,Good,Low
7.582,8044.205,6,80.8,Optimal,Good,Fair
10.349,329.0,10,54.8,High,Low,Excellent
7.229,6818.651,7,78.46,Optimal,Moderate,Fair
11.201,3321.0,3,29.41,High,Low,Poor
9.129,7591.409,7,79.48,High,Moderate,Fair
1.879,6113.0,3,25.01,Poor,Moderate,Poor
9.331,6841.909,5,68.55,High,Moderate,Low
0.0,0.0,1,0.0,,,Poor
6.848,6168.151,8,78.32,Low,Moderate,Good
6.898,5943.807,4,64.81,Low,Moderate,Low
9.657,8340.404,4,66.45,High,Good,Low
8.008,7838.589,6,80.18,Optimal,Moderate,Fair
7.151,8434.833,8,86.64,Optimal,Good,Good
6.261,7238.0,10,82.32,Low,Moderate,Excellent
7.236,0.0,5,51.33,Optimal,,Low
2.035,19332.0,1,29.35,Poor,High,Poor
6.511,8239.197,5,71.16,Low,Good,Low
7.029,6415.403,4,67.25,Optimal,Moderate,Low
7.012,8679.448,4,74.04,Optimal,Good,Low
8.208,7494.097,5,75.82,Optimal,Moderate,Low
7.446,7268.401,8,83.14,Optimal,Moderate,Good
2.329,1768.0,9,31.97,Poor,Low,Good
8.358,7999.762,5,77.33,Optimal,Moderate,Low
8.469,8855.235,6,83.23,Optimal,Good,Fair
7.996,9680.638,4,79.04,Optimal,Good,Low
7.191,8386.706,6,79.83,Optimal,Good,Fair
7.724,3285.332,6,66.52,Optimal,Low,Fair
7.461,7610.647,4,70.83,Optimal,Moderate,Low
7.44,6468.28,8,80.74,Optimal,Moderate,Good
7.832,8395.299,5,78.52,Optimal,Good,Low
6.493,6248.553,5,65.01,Low,Moderate,Low
6.342,8393.127,8,79.93,Low,Good,Good
6.492,6343.205,7,71.95,Low,Moderate,Fair
6.877,6420.231,7,76.03,Low,Moderate,Fair
8.899,8628.959,8,87.22,Optimal,Good,Good
9.711,5784.117,4,58.24,High,Moderate,Low
8.132,8168.648,8,87.84,Optimal,Good,Good
7.588,8766.164,8,89.63,Optimal,Good,Good
6.671,8222.554,4,69.38,Low,Good,Low
7.799,12556.486,8,93.33,Optimal,High,Good
8.498,6119.079,6,75.02,Optimal,Moderate,Fair
2.057,2788.0,5,21.7,Poor,Low,Low
7.521,8574.267,8,89.06,Optimal,Good,Good
0.0,3767.0,5,24.63,,Low,Low
8.004,6372.939,8,82.45,Optimal,Moderate,Good
6.578,6183.588,7,72.33,Low,Moderate,Fair
8.327,7851.263,8,86.89,Optimal,Moderate,Good
8.414,8301.744,7,84.91,Optimal,Good,Fair
8.673,8754.184,6,80.93,Optimal,Good,Fair
7.571,11782.0,1,70.0,Optimal,Good,Poor
6.098,10509.624,8,82.31,Low,Good,Good
6.954,11065.867,4,77.54,Low,Good,Low
8.679,3487.5,6,65.13,Optimal,Low,Fair
7.043,7910.509,6,78.4,Optimal,Moderate,Fair
8.686,11717.955,6,84.67,Optimal,Good,Fair
7.697,8901.311,7,86.7,Optimal,Good,Fair
6.8,6820.181,8,79.79,Low,Moderate,Good
14.319,6404.0,9,45.88,Excessive,Moderate,Good
8.334,7760.117,6,79.95,Optimal,Moderate,Fair
6.603,6809.793,6,71.13,Low,Moderate,Fair
7.673,7978.124,7,83.93,Optimal,Moderate,Fair
2.558,17389.0,2,33.02,Poor,High,Poor
7.15,6261.0,1,56.78,Optimal,Moderate,Poor
6.488,10673.841,6,79.55,Low,Good,Fair
6.682,8049.715,7,78.97,Low,Good,Fair
6.573,7032.026,5,68.16,Low,Moderate,Low
9.132,6383.563,6,72.5,High,Moderate,Fair
7.147,5045.97,7,73.14,Optimal,Moderate,Fair
0.754,4161.0,4,22.48,Poor,Low,Low
8.644,5283.577,5,67.18,Optimal,Moderate,Low
6.851,4516.593,4,60.06,Low,Low,Low
7.992,5074.467,4,65.22,Optimal,Moderate,Low
10.826,7854.0,6,58.32,High,Moderate,Fair
0.702,3747.0,5,24.57,Poor,Low,Low
9.077,8243.629,4,71.96,High,Good,Low
7.971,5608.752,6,73.49,Optimal,Moderate,Fair
6.097,4276.1,5,55.13,Low,Low,Low
7.661,6866.978,5,73.93,Optimal,Moderate,Low
7.544,3933.999,6,68.47,Optimal,Low,Fair
8.557,13641.0,1,68.0,Optimal,High,Poor
6.03,24226.0,9,83.58,Low,Extreme,Good
7.827,2745.869,7,68.24,Optimal,Low,Fair
2.921,979.0,10,33.27,Poor,Low,Excellent
6.536,0.0,5,46.69,Low,,Low
8.141,8718.605,7,86.16,Optimal,Good,Fair
7.88,8957.637,6,83.54,Optimal,Good,Fair
7.286,8440.704,8,86.66,Optimal,Good,Good
8.112,7342.801,6,78.7,Optimal,Moderate,Fair
8.441,2758.658,5,61.61,Optimal,Low,Low
10.918,763.0,10,49.27,High,Low,Excellent
6.783,11734.448,4,75.83,Low,Good,Low
0.0,0.0,1,0.0,,,Poor
8.817,5493.085,6,71.15,Optimal,Moderate,Fair
7.473,10093.35,7,88.0,Optimal,Good,Fair
6.13,11868.777,8,82.63,Low,Good,Good
7.099,8170.568,4,72.51,Optimal,Good,Low
7.772,10911.162,5,83.33,Optimal,Good,Low
8.051,9035.04,7,87.11,Optimal,Good,Fair
7.112,7115.154,5,72.68,Optimal,Moderate,Low
0.758,7614.0,2,26.18,Poor,Moderate,Poor
0.0,0.0,1,0.0,,,Poor
9.771,6751.803,4,60.55,High,Moderate,Low
7.937,9628.85,6,85.55,Optimal,Good,Fair
11.173,521.0,10,44.8,High,Low,Excellent
12.539,22191.0,10,58.92,Excessive,Extreme,Excellent
0.747,3072.0,3,15.88,Poor,Low,Poor
6.169,11020.221,7,79.69,Low,Good,Fair
10.037,650.0,10,59.51,High,Low,Excellent
6.941,7519.344,7,79.97,Low,Moderate,Fair
8.018,9993.049,6,86.65,Optimal,Good,Fair
7.175,5821.3,4,65.46,Optimal,Moderate,Low
7.824,7244.891,5,75.07,Optimal,Moderate,Low
9.271,7030.419,8,79.71,High,Moderate,Good
6.969,6263.872,4,66.48,Low,Moderate,Low
6.18,11993.7,5,73.13,Low,Good,Low
8.084,6437.407,7,79.31,Optimal,Moderate,Fair
7.48,7738.526,4,71.22,Optimal,Moderate,Low
8.717,5287.927,8,77.2,Optimal,Moderate,Good
6.993,10283.706,4,77.93,Low,Good,Low
7.385,7823.911,7,81.47,Optimal,Moderate,Fair
7.682,4757.212,6,70.94,Optimal,Low,Fair
9.133,9126.271,7,84.05,High,Good,Fair
1.444,6649.0,1,19.95,Poor,Moderate,Poor
8.341,7520.815,7,82.56,Optimal,Moderate,Fair
6.911,9256.764,4,74.88,Low,Good,Low
7.048,8363.027,5,76.42,Optimal,Good,Low
7.219,7803.214,4,71.41,Optimal,Moderate,Low
7.882,5871.557,8,80.95,Optimal,Moderate,Good
7.241,10629.629,8,91.33,Optimal,Good,Good
8.807,7051.309,6,75.82,Optimal,Moderate,Fair
13.457,23227.0,10,58.77,Excessive,Extreme,Excellent
8.148,5791.177,6,74.04,Optimal,Moderate,Fair
7.838,5672.285,4,67.02,Optimal,Moderate,Low
7.736,5639.433,5,70.25,Optimal,Moderate,Low
8.066,5220.802,7,75.66,Optimal,Moderate,Fair
6.936,10029.291,8,90.69,Low,Good,Good
8.996,11668.0,1,68.0,Optimal,Good,Poor
6.252,5367.46,4,56.62,Low,Moderate,Low
8.372,8690.151,4,76.07,Optimal,Good,Low
11.11,9420.0,4,52.5,High,Good,Low
8.173,8460.202,5,78.71,Optimal,Good,Low
7.444,7119.406,4,69.36,Optimal,Moderate,Low
6.064,3770.267,8,63.28,Low,Low,Good
1.072,2124.0,1,6.37,Poor,Low,Poor
0.975,7085.0,4,31.25,Poor,Moderate,Low
6.3,9856.09,6,77.23,Low,Good,Fair
8.133,6515.504,6,76.21,Optimal,Moderate,Fair
7.65,8500.591,8,88.84,Optimal,Good,Good
6.945,7713.769,4,70.59,Low,Moderate,Low
2.486,1023.0,9,29.74,Poor,Low,Good
7.959,9480.814,7,88.44,Optimal,Good,Fair
6.255,12241.136,6,77.22,Low,High,Fair
6.752,9021.726,4,72.59,Low,Good,Low
7.51,9066.97,8,90.53,Optimal,Good,Good
7.053,8056.158,8,85.5,Optimal,Good,Good
7.678,5181.786,7,75.55,Optimal,Moderate,Fair
7.491,7196.0,1,59.59,Optimal,Moderate,Poor
6.239,9172.666,6,74.57,Low,Good,Fair
8.778,6441.409,8,80.66,Optimal,Moderate,Good
0.0,2925.0,2,12.11,,Low,Poor
7.928,8020.036,8,87.39,Optimal,Good,Good
8.778,5233.075,8,77.03,Optimal,Moderate,Good
7.282,10330.064,7,88.0,Optimal,Good,Fair
7.017,9398.461,8,89.53,Optimal,Good,Good
8.0,10000.0,10,100.0,Optimal,Good,Excellent
8.869,9352.884,6,82.73,Optimal,Good,Fair
8.577,10616.0,1,68.0,Optimal,Good,Poor
9.051,6390.551,4,66.66,High,Moderate,Low
8.0,10000.0,10,100.0,Optimal,Good,Excellent
5.79,7331.727,7,67.48,Poor,Moderate,Fair
8.61,7732.804,8,84.53,Optimal,Moderate,Good
6.782,11464.099,7,85.82,Low,Good,Fair
7.767,10114.033,8,93.33,Optimal,Good,Good
9.048,7731.689,5,74.05,High,Moderate,Low
5.872,6421.306,4,55.73,Poor,Moderate,Low
7.503,5759.633,7,77.28,Optimal,Moderate,Fair
8.0,10000.0,10,100.0,Optimal,Good,Excellent
6.429,6739.563,8,75.84,Low,Moderate,Good
6.61,6646.658,8,77.37,Low,Moderate,Good
8.26,6558.748,4,69.68,Optimal,Moderate,Low
7.692,10573.252,8,93.33,Optimal,Good,Good
7.412,7680.168,6,77.71,Optimal,Moderate,Fair
7.427,9310.081,7,85.93,Optimal,Good,Fair
7.724,9653.283,8,92.29,Optimal,Good,Good
7.846,10522.636,8,93.33,Optimal,Good,Good
6.309,5734.662,5,61.63,Low,Moderate,Low
6.929,5583.642,5,67.37,Low,Moderate,Low
8.663,7581.958,5,74.08,Optimal,Moderate,Low
9.946,10506.178,6,75.21,High,Good,Fair
0.0,0.0,1,0.0,,,Poor
8.044,7800.06,5,76.73,Optimal,Moderate,Low
7.135,6794.07,6,75.05,Optimal,Moderate,Fair
7.998,7961.063,8,87.22,Optimal,Moderate,Good
8.186,9033.035,8,90.43,Optimal,Good,Good
7.834,6776.156,5,73.66,Optimal,Moderate,Low
7.533,0.0,3,46.67,Optimal,,Poor
7.054,9505.365,6,83.18,Optimal,Good,Fair
8.688,10640.368,7,88.0,Optimal,Good,Fair
8.644,17069.0,10,97.69,Optimal,High,Excellent
6.717,11015.267,8,88.5,Low,Good,Good
7.599,7024.013,6,77.74,Optimal,Moderate,Fair
7.697,6691.196,8,83.41,Optimal,Moderate,Good
8.475,7936.975,4,73.81,Optimal,Moderate,Low
6.165,7182.728,6,67.86,Low,Moderate,Fair
7.625,6468.38,5,72.74,Optimal,Moderate,Low
6.649,10530.891,8,87.82,Low,Good,Good
14.719,4285.0,5,26.19,Excessive,Low,Low
9.381,9574.062,4,72.91,High,Good,Low
7.977,4838.498,4,64.52,Optimal,Low,Low
7.711,8803.838,6,83.08,Optimal,Good,Fair
6.938,7523.324,4,69.95,Low,Moderate,Low
6.657,9956.144,4,74.44,Low,Good,Low
8.088,11902.284,5,83.33,Optimal,Good,Low
5.807,5683.428,4,52.73,Poor,Moderate,Low
2.48,614.0,9,28.51,Poor,Low,Good
0.0,0.0,1,0.0,,,Poor
7.518,10736.197,4,80.0,Optimal,Good,Low
10.0,6386.507,7,67.16,High,Moderate,Fair
6.248,7751.145,5,67.07,Low,Moderate,Low
8.662,6982.875,7,78.95,Optimal,Moderate,Fair
7.279,5860.209,7,75.58,Optimal,Moderate,Fair
8.687,6848.11,5,71.88,Optimal,Moderate,Low
6.357,3259.495,6,58.02,Low,Low,Fair
3.661,13231.0,1,35.29,Poor,High,Poor
7.306,8931.547,8,88.13,Optimal,Good,Good
9.031,8524.429,5,76.6,High,Good,Low
6.504,0.0,2,36.37,Low,,Poor
8.038,9777.546,5,82.67,Optimal,Good,Low
7.895,7250.935,6,78.42,Optimal,Moderate,Fair
2.277,1268.0,10,33.8,Poor,Low,Excellent
7.68,5251.257,5,69.09,Optimal,Moderate,Low
6.396,6729.154,6,68.81,Low,Moderate,Fair
7.022,12883.009,8,91.33,Optimal,High,Good
8.434,6640.534,7,79.92,Optimal,Moderate,Fair
8.242,9538.491,7,88.62,Optimal,Good,Fair
8.147,8180.365,6,81.21,Optimal,Good,Fair
8.26,8715.446,6,82.81,Optimal,Good,Fair
7.327,8009.202,8,85.36,Optimal,Good,Good
7.108,11334.765,5,81.33,Optimal,Good,Low
7.041,4595.743,7,71.79,Optimal,Low,Fair
8.609,11347.803,4,78.0,Optimal,Good,Low
7.767,8470.777,4,75.41,Optimal,Good,Low
7.199,7396.732,5,73.52,Optimal,Moderate,Low
8.397,23869.0,10,98.67,Optimal,Extreme,Excellent
6.518,7366.47,6,71.95,Low,Moderate,Fair
8.178,9721.449,7,89.16,Optimal,Good,Fair
7.112,7731.71,6,77.86,Optimal,Moderate,Fair
7.079,6641.231,7,77.92,Optimal,Moderate,Fair
8.486,7783.19,5,76.68,Optimal,Moderate,Low
6.358,5707.199,6,65.37,Low,Moderate,Fair
5.944,4856.844,8,65.23,Poor,Low,Good
7.675,10036.314,8,93.33,Optimal,Good,Good
6.397,10146.499,5,75.3,Low,Good,Low
7.31,7579.666,4,70.74,Optimal,Moderate,Low
14.604,3568.0,3,17.37,Excessive,Low,Poor
7.596,7575.142,4,72.73,Optimal,Moderate,Low
10.0,9717.377,7,77.15,High,Good,Fair
0.91,3990.0,2,15.3,Poor,Low,Poor
6.847,7706.883,5,72.92,Low,Moderate,Low
6.827,7694.378,4,69.35,Low,Moderate,Low
0.0,0.0,1,0.0,,,Poor
7.568,5626.238,6,73.55,Optimal,Moderate,Fair
0.0,0.0,1,0.0,,,Poor
7.436,5653.461,8,78.29,Optimal,Moderate,Good
6.362,0.0,4,41.62,Low,,Low
6.955,9691.052,4,76.62,Low,Good,Low
7.464,7946.336,5,75.17,Optimal,Moderate,Low
8.426,6923.528,4,70.77,Optimal,Moderate,Low
8.082,7838.104,7,83.51,Optimal,Moderate,Fair
6.143,7778.929,5,66.1,Low,Moderate,Low
13.832,1209.0,5,16.96,Excessive,Low,Low
6.544,9147.374,4,70.88,Low,Good,Low
6.096,0.0,5,42.29,Low,,Low
6.908,7604.462,5,73.23,Low,Moderate,Low
8.45,5457.178,7,76.37,Optimal,Moderate,Fair
6.678,9000.0,10,91.78,Low,Good,Excellent
8.0,10000.0,10,100.0,Optimal,Good,Excellent
8.991,6684.425,6,74.72,Optimal,Moderate,Fair
7.236,22435.0,5,80.22,Optimal,Extreme,Low
7.291,11208.183,8,91.33,Optimal,Good,Good
8.818,6660.393,4,67.98,Optimal,Moderate,Low
8.008,10732.478,6,86.67,Optimal,Good,Fair
3.198,687.0,10,33.64,Poor,Low,Excellent
7.471,0.0,3,44.67,Optimal,,Poor
8.599,5508.812,8,77.86,Optimal,Moderate,Good
8.222,8621.716,7,85.87,Optimal,Good,Fair
8.123,6628.004,4,69.88,Optimal,Moderate,Low
7.708,10329.167,4,80.0,Optimal,Good,Low
7.309,6997.508,6,75.66,Optimal,Moderate,Fair
7.975,5507.472,6,73.19,Optimal,Moderate,Fair
5.347,6906.384,6,57.55,Poor,Moderate,Fair
7.783,10444.131,5,83.33,Optimal,Good,Low
7.298,11469.664,6,84.67,Optimal,Good,Fair
7.564,8963.567,7,86.89,Optimal,Good,Fair
7.526,9586.571,4,78.76,Optimal,Good,Low
7.722,8496.548,6,82.16,Optimal,Good,Fair
0.0,0.0,1,0.0,,,Poor
6.579,8049.527,4,67.94,Low,Good,Low
6.502,9737.02,7,82.23,Low,Good,Fair
3.076,252.0,9,28.03,Poor,Low,Good
6.578,7177.058,4,65.31,Low,Moderate,Low
7.524,10728.164,8,93.33,Optimal,Good,Good
8.097,8159.009,5,77.81,Optimal,Good,Low
8.022,6569.956,5,73.04,Optimal,Moderate,Low
7.956,8806.874,6,83.09,Optimal,Good,Fair
7.51,9879.159,6,86.3,Optimal,Good,Fair
7.922,7276.735,7,81.83,Optimal,Moderate,Fair
7.007,6404.373,7,77.21,Optimal,Moderate,Fair
6.419,6870.036,8,76.13,Low,Moderate,Good
7.582,6681.986,8,83.38,Optimal,Moderate,Good
5.943,7742.202,5,63.88,Poor,Moderate,Low
12.68,21903.0,10,58.96,Excessive,Extreme,Excellent
8.909,7397.274,4,70.19,Optimal,Moderate,Low
7.437,7358.881,7,80.08,Optimal,Moderate,Fair
5.289,4534.912,4,43.07,Poor,Low,Low
7.067,8564.005,5,77.03,Optimal,Good,Low
6.747,5311.794,4,61.41,Low,Moderate,Low
8.549,8058.205,5,75.51,Optimal,Good,Low
8.233,9853.734,7,89.56,Optimal,Good,Fair
6.473,6694.383,4,62.81,Low,Moderate,Low
9.202,6730.536,7,76.17,High,Moderate,Fair
7.422,8155.52,5,75.8,Optimal,Good,Low
7.546,7471.924,7,82.42,Optimal,Moderate,Fair
12.677,4803.0,4,24.41,Excessive,Low,Low
7.613,7430.483,8,85.62,Optimal,Moderate,Good
6.888,8047.79,7,81.02,Low,Good,Fair
7.881,8087.171,6,80.93,Optimal,Good,Fair
7.925,9316.785,7,87.95,Optimal,Good,Fair
9.397,7836.954,8,80.87,High,Moderate,Good
7.696,6813.856,6,77.11,Optimal,Moderate,Fair
7.485,10789.251,5,81.33,Optimal,Good,Low
7.348,11244.386,5,81.33,Optimal,Good,Low
7.256,7272.594,5,73.15,Optimal,Moderate,Low
8.604,19740.0,8,90.62,Optimal,High,Good
8.089,9841.196,8,92.86,Optimal,Good,Good
6.769,7338.044,4,67.7,Low,Moderate,Low
7.556,6549.807,8,82.98,Optimal,Moderate,Good
7.056,7996.527,7,81.99,Optimal,Moderate,Fair
6.696,4583.761,8,72.04,Low,Low,Good
7.683,10573.006,8,93.33,Optimal,Good,Good
6.82,7344.353,8,81.57,Low,Moderate,Good
6.094,8269.415,5,67.08,Low,Good,Low
7.777,22642.0,7,88.85,Optimal,Extreme,Fair
7.475,4224.936,8,74.01,Optimal,Low,Good
7.954,10942.787,6,86.67,Optimal,Good,Fair
6.33,10933.747,5,74.63,Low,Good,Low
0.0,1425.0,1,4.27,,Low,Poor
7.671,7707.88,6,79.79,Optimal,Moderate,Fair
7.9,6916.982,8,84.08,Optimal,Moderate,Good
8.198,9260.298,8,91.11,Optimal,Good,Good
8.978,6390.481,6,73.84,Optimal,Moderate,Fair
6.894,9910.648,6,83.34,Low,Good,Fair
6.899,8512.444,6,79.19,Low,Good,Fair
7.936,8759.101,4,76.28,Optimal,Good,Low
6.95,7787.761,6,77.53,Low,Moderate,Fair
8.996,2978.33,7,66.93,Optimal,Low,Fair
6.188,6199.892,7,68.48,Low,Moderate,Fair
6.119,23099.0,9,84.64,Low,Extreme,Good
0.0,0.0,1,0.0,,,Poor
9.588,10740.087,4,72.12,High,Good,Low
7.348,5738.199,6,71.88,Optimal,Moderate,Fair
6.639,8264.546,7,79.18,Low,Good,Fair
8.64,10296.892,5,81.33,Optimal,Good,Low
6.9,7356.588,5,72.4,Low,Moderate,Low
7.685,10095.702,5,83.33,Optimal,Good,Low
3.979,1629.0,10,42.72,Poor,Low,Excellent
7.823,10090.502,6,86.67,Optimal,Good,Fair
8.237,5712.881,8,80.47,Optimal,Moderate,Good
5.475,7439.462,5,57.35,Poor,Moderate,Low
7.387,0.0,3,44.67,Optimal,,Poor
7.344,10155.803,4,78.0,Optimal,Good,Low
5.831,4724.79,7,60.15,Poor,Low,Fair
8.45,7235.546,5,75.04,Optimal,Moderate,Low
8.015,11396.186,5,83.33,Optimal,Good,Low
7.738,8247.323,4,74.74,Optimal,Good,Low
6.969,5831.258,6,71.85,Low,Moderate,Fair
7.808,8677.783,8,89.37,Optimal,Good,Good
6.697,8760.614,8,84.59,Low,Good,Good
6.116,0.0,2,32.49,Low,,Poor
8.011,7815.389,7,83.45,Optimal,Moderate,Fair
7.893,4246.563,7,72.74,Optimal,Low,Fair
7.831,7863.445,7,83.59,Optimal,Moderate,Fair
9.03,8188.249,5,75.6,High,Good,Low
2.27,21280.0,1,29.06,Poor,Extreme,Poor
6.971,8830.353,4,74.2,Low,Good,Low
7.979,7203.716,8,84.94,Optimal,Moderate,Good
7.442,0.0,4,48.0,Optimal,,Low
7.902,6715.611,5,73.48,Optimal,Moderate,Low
0.0,1497.0,4,14.49,,Low,Low
7.013,7322.617,8,83.3,Optimal,Moderate,Good
8.171,8764.261,8,89.63,Optimal,Good,Good
8.607,6179.119,5,69.87,Optimal,Moderate,Low
6.936,8796.056,7,83.75,Low,Good,Fair
7.784,0.0,4,50.0,Optimal,,Low
6.661,16614.0,6,81.03,Low,High,Fair
7.691,6927.656,6,77.45,Optimal,Moderate,Fair
5.797,9874.655,5,68.52,Poor,Good,Low
6.541,7077.256,8,77.98,Low,Moderate,Good
4.579,7770.566,5,49.28,Poor,Moderate,Low
2.465,1551.0,10,34.65,Poor,Low,Excellent
7.464,8509.2,5,76.86,Optimal,Good,Low
8.523,6647.518,8,81.28,Optimal,Moderate,Good
6.753,7447.02,5,71.2,Low,Moderate,Low
6.22,10406.096,7,80.2,Low,Good,Fair
7.476,8153.966,7,82.46,Optimal,Good,Fair
6.774,6540.671,7,75.36,Low,Moderate,Fair
8.763,8670.043,5,77.34,Optimal,Good,Low
9.791,7013.71,6,67.8,High,Moderate,Fair
6.592,8353.973,4,68.98,Low,Good,Low
7.857,6586.879,5,73.09,Optimal,Moderate,Low
7.059,0.0,4,48.0,Optimal,,Low
7.405,11090.514,5,81.33,Optimal,Good,Low
0.0,0.0,1,0.0,,,Poor
7.75,3503.714,5,63.84,Optimal,Low,Low
8.122,9793.177,7,89.38,Optimal,Good,Fair
8.128,4822.363,5,67.8,Optimal,Low,Low
9.079,6327.786,4,66.19,High,Moderate,Low
7.401,7561.936,5,74.02,Optimal,Moderate,Low
3.89,1598.0,9,38.58,Poor,Low,Good
7.025,8356.348,4,73.07,Optimal,Good,Low
9.663,7573.056,4,64.09,High,Moderate,Low
6.969,8263.289,6,79.15,Low,Good,Fair
6.643,9560.141,5,76.44,Low,Good,Low
8.463,8166.962,6,81.17,Optimal,Good,Fair
8.455,9797.297,8,92.73,Optimal,Good,Good
7.492,10800.8,8,91.33,Optimal,Good,Good
6.272,6989.966,8,75.02,Low,Moderate,Good
7.065,2755.562,8,69.6,Optimal,Low,Good
6.837,10524.98,4,76.37,Low,Good,Low
8.0,10000.0,10,100.0,Optimal,Good,Excellent
8.496,11436.814,8,93.33,Optimal,Good,Good
8.292,6316.576,8,82.28,Optimal,Moderate,Good
5.433,6487.353,8,63.99,Poor,Moderate,Good
8.338,8064.66,4,74.19,Optimal,Good,Low
12.301,8314.0,5,38.43,Excessive,Good,Low
6.496,6217.566,4,61.61,Low,Moderate,Low
11.287,8095.0,6,52.36,High,Good,Fair
7.032,10355.089,6,84.67,Optimal,Good,Fair
8.415,7567.096,8,86.03,Optimal,Moderate,Good
5.854,13979.0,5,69.58,Poor,High,Low
7.252,8042.12,5,75.46,Optimal,Good,Low
7.223,8739.547,7,84.22,Optimal,Good,Fair
8.531,10307.127,4,78.0,Optimal,Good,Low
12.602,24824.0,10,58.53,Excessive,Extreme,Excellent
8.996,21755.0,9,93.65,Optimal,Extreme,Good
7.892,8065.416,8,87.53,Optimal,Good,Good
9.963,10858.916,5,71.7,High,Good,Low
8.377,6900.791,4,70.7,Optimal,Moderate,Low
7.219,9083.291,5,78.58,Optimal,Good,Low
9.211,5505.415,5,65.74,High,Moderate,Low
6.965,7832.145,6,77.81,Low,Moderate,Fair
6.644,9656.132,8,86.74,Low,Good,Good
7.34,6891.853,4,68.68,Optimal,Moderate,Low
7.775,0.0,5,53.33,Optimal,,Low
7.989,7654.526,7,82.96,Optimal,Moderate,Fair
5.548,8154.29,6,63.71,Poor,Good,Fair
8.558,9991.744,5,81.31,Optimal,Good,Low
8.113,8248.313,6,81.41,Optimal,Good,Fair
8.592,5078.15,8,76.57,Optimal,Moderate,Good
9.352,7805.764,7,77.9,High,Moderate,Fair
6.152,5310.702,8,68.79,Low,Moderate,Good
7.852,10187.395,6,86.67,Optimal,Good,Fair
6.622,8586.55,4,69.98,Low,Good,Low
7.185,9046.79,4,75.14,Optimal,Good,Low
10.0,7887.731,5,65.0,High,Moderate,Low
8.658,8198.277,5,75.93,Optimal,Good,Low
7.79,7499.624,6,79.17,Optimal,Moderate,Fair
8.53,6542.695,8,80.96,Optimal,Moderate,Good
6.948,7016.524,8,81.86,Low,Moderate,Good
7.744,4734.795,8,77.54,Optimal,Low,Good
6.18,5696.263,8,70.22,Low,Moderate,Good
8.093,4582.692,7,73.75,Optimal,Low,Fair
5.669,9176.491,4,61.56,Poor,Good,Low
6.824,6231.683,7,74.94,Low,Moderate,Fair
7.151,16877.0,6,84.39,Optimal,High,Fair
6.786,7048.023,8,80.34,Low,Moderate,Good
6.015,6639.008,5,61.4,Low,Moderate,Low
8.492,9243.892,4,77.73,Optimal,Good,Low
12.457,21612.0,10,59.04,Excessive,Extreme,Excellent
7.497,9040.759,5,78.46,Optimal,Good,Low
5.898,5644.778,5,57.04,Poor,Moderate,Low
8.196,6261.495,7,78.78,Optimal,Moderate,Fair
3.268,18581.0,2,34.94,Poor,High,Poor
6.89,7805.738,8,83.65,Low,Moderate,Good
3.145,14514.0,1,31.16,Poor,High,Poor
7.741,9553.292,4,78.66,Optimal,Good,Low
6.062,7002.47,6,66.29,Low,Moderate,Fair
7.968,16665.0,6,86.42,Optimal,High,Fair
7.744,11026.673,8,93.33,Optimal,Good,Good
2.965,23634.0,2,32.41,Poor,Extreme,Poor
6.052,6166.145,5,60.35,Low,Moderate,Low
8.475,5007.971,6,71.69,Optimal,Moderate,Fair
12.089,21728.0,10,59.32,Excessive,Extreme,Excellent
7.65,9617.849,6,85.52,Optimal,Good,Fair
8.384,7291.642,7,81.87,Optimal,Moderate,Fair
8.03,6827.279,6,77.15,Optimal,Moderate,Fair
8.366,8419.427,4,75.26,Optimal,Good,Low
2.231,6085.0,4,28.25,Poor,Moderate,Low
6.479,9396.642,5,74.31,Low,Good,Low
11.935,2872.0,7,29.66,High,Low,Fair
8.325,4059.999,8,75.51,Optimal,Low,Good
5.24,11759.0,5,62.21,Poor,Good,Low
7.46,8119.536,6,79.03,Optimal,Good,Fair
6.926,9520.237,7,85.82,Low,Good,Fair
14.937,2387.0,4,17.16,Excessive,Low,Low
7.525,11941.729,5,83.33,Optimal,Good,Low
5.462,8796.898,7,67.93,Poor,Good,Fair
6.854,8556.598,6,78.88,Low,Good,Fair
7.054,6555.462,7,77.67,Optimal,Moderate,Fair
6.533,4279.104,6,62.83,Low,Low,Fair
8.261,20647.0,6,85.82,Optimal,Extreme,Fair
7.697,10059.765,4,80.0,Optimal,Good,Low
7.426,7543.323,8,83.96,Optimal,Moderate,Good
7.994,8058.503,8,87.51,Optimal,Good,Good
8.148,7845.565,7,83.54,Optimal,Moderate,Fair
6.811,8386.641,4,71.27,Low,Good,Low
8.802,4068.142,5,63.54,Optimal,Low,Low
8.013,5530.309,5,69.92,Optimal,Moderate,Low
8.573,8722.399,6,80.83,Optimal,Good,Fair
6.509,9464.469,7,81.48,Low,Good,Fair
7.141,5950.015,5,69.18,Optimal,Moderate,Low
8.135,9760.57,4,79.28,Optimal,Good,Low
6.497,10878.891,8,86.3,Low,Good,Good
12.839,9296.0,7,47.89,Excessive,Good,Fair
6.975,4983.624,7,72.7,Low,Low,Fair
2.015,1230.0,10,33.69,Poor,Low,Excellent
6.256,10292.357,8,83.89,Low,Good,Good
7.496,6857.251,5,71.91,Optimal,Moderate,Low
6.308,8733.0,1,57.28,Low,Good,Poor
7.727,10693.339,6,86.67,Optimal,Good,Fair
1.646,5421.0,3,22.93,Poor,Moderate,Poor
7.476,10401.518,8,91.33,Optimal,Good,Good
6.887,7721.899,8,83.37,Low,Moderate,Good
0.0,0.0,1,0.0,,,Poor
9.326,4465.979,8,71.47,High,Low,Good
8.892,10000.043,5,81.33,Optimal,Good,Low
1.14,6073.0,2,21.55,Poor,Moderate,Poor
7.403,6556.073,4,67.67,Optimal,Moderate,Low
9.752,6750.247,8,74.06,High,Moderate,Good
7.82,8966.88,8,90.23,Optimal,Good,Good
6.702,5047.866,6,66.83,Low,Moderate,Fair
7.037,7874.671,8,84.96,Optimal,Moderate,Good
8.056,4383.287,6,69.82,Optimal,Low,Fair
8.971,10167.842,4,78.0,Optimal,Good,Low
6.551,2555.445,6,57.84,Low,Low,Fair
6.51,4888.06,7,67.76,Low,Low,Fair
8.037,8891.129,6,83.34,Optimal,Good,Fair
6.997,7053.47,4,69.13,Low,Moderate,Low
7.882,6218.221,6,75.32,Optimal,Moderate,Fair
9.592,7399.09,7,74.28,High,Moderate,Fair
6.861,0.0,2,39.94,Low,,Poor
5.775,5581.931,8,65.38,Poor,Moderate,Good
1.064,7375.0,1,22.12,Poor,Moderate,Poor
8.259,7348.825,8,85.38,Optimal,Moderate,Good
2.206,2176.0,1,6.53,Poor,Low,Poor
7.562,8173.94,5,77.86,Optimal,Good,Low
7.649,6351.433,6,75.72,Optimal,Moderate,Fair
6.764,11976.668,4,75.64,Low,Good,Low
6.887,9114.609,7,84.21,Low,Good,Fair
8.001,12207.346,4,80.0,Optimal,High,Low
6.521,8239.114,8,81.26,Low,Good,Good
7.885,6685.03,8,83.39,Optimal,Moderate,Good
7.781,6453.833,4,69.36,Optimal,Moderate,Low
7.259,7334.686,6,76.67,Optimal,Moderate,Fair
2.126,724.0,10,32.17,Poor,Low,Excellent
7.481,9795.087,5,80.72,Optimal,Good,Low
8.606,6171.437,8,79.85,Optimal,Moderate,Good
6.896,4595.731,7,70.75,Low,Low,Fair
9.366,6319.058,6,69.96,High,Moderate,Fair
7.568,10980.759,7,90.0,Optimal,Good,Fair
7.633,8762.489,8,89.62,Optimal,Good,Good
7.811,6881.34,5,73.98,Optimal,Moderate,Low
7.287,8290.161,8,86.2,Optimal,Good,Good
7.754,11198.313,5,83.33,Optimal,Good,Low
6.602,10447.421,7,84.02,Low,Good,Fair
6.021,13139.814,4,68.21,Low,High,Low
10.816,904.0,10,50.92,High,Low,Excellent
8.0,10000.0,10,100.0,Optimal,Good,Excellent
8.0,10000.0,10,100.0,Optimal,Good,Excellent
6.983,9840.023,4,77.35,Low,Good,Low
3.674,1685.0,10,40.45,Poor,Low,Excellent
8.395,8821.064,4,76.46,Optimal,Good,Low
7.557,5986.819,4,67.96,Optimal,Moderate,Low
6.787,8763.933,6,78.83,Low,Good,Fair
12.537,1737.0,4,15.21,Excessive,Low,Low
5.893,8146.869,5,64.49,Poor,Good,Low
0.0,1931.0,4,15.79,,Low,Low
6.082,8400.903,7,74.02,Low,Good,Fair
9.255,7276.823,4,67.28,High,Moderate,Low
7.53,6789.214,7,80.37,Optimal,Moderate,Fair
7.629,8783.341,5,79.68,Optimal,Good,Low
6.807,7440.863,8,81.73,Low,Moderate,Good
6.901,7011.291,4,68.04,Low,Moderate,Low
6.97,3629.406,7,68.59,Low,Low,Fair
8.047,8017.527,4,74.05,Optimal,Good,Low
12.981,21866.0,10,58.97,Excessive,Extreme,Excellent
7.569,2671.335,5,61.35,Optimal,Low,Low
0.705,1213.0,4,13.64,Poor,Low,Low
5.625,1800.659,6,45.57,Poor,Low,Fair
0.0,2018.0,4,16.05,,Low,Low
2.13,1651.0,10,34.95,Poor,Low,Excellent
7.924,7078.45,7,81.24,Optimal,Moderate,Fair
7.671,8182.202,6,81.21,Optimal,Good,Fair
13.966,8844.0,5,39.87,Excessive,Good,Low
7.631,8650.874,8,89.29,Optimal,Good,Good
6.525,7504.572,6,72.43,Low,Moderate,Fair
7.687,7141.872,8,84.76,Optimal,Moderate,Good
8.423,19291.0,9,96.02,Optimal,High,Good
7.668,6533.47,8,82.93,Optimal,Moderate,Good
8.843,24587.0,10,96.56,Optimal,Extreme,Excellent
6.733,8477.659,5,74.1,Low,Good,Low
6.823,6761.855,8,79.85,Low,Moderate,Good
5.739,10081.828,4,64.87,Poor,Good,Low
2.789,13309.0,1,30.23,Poor,High,Poor
7.701,9527.395,5,81.92,Optimal,Good,Low
7.192,9325.452,7,85.98,Optimal,Good,Fair
6.773,7994.5,4,69.71,Low,Moderate,Low
9.665,6456.578,7,70.72,High,Moderate,Fair
8.124,10836.481,7,90.0,Optimal,Good,Fair
11.609,285.0,10,37.11,High,Low,Excellent
7.313,10690.762,5,81.33,Optimal,Good,Low
7.742,9560.686,8,92.02,Optimal,Good,Good
7.647,9602.162,7,88.81,Optimal,Good,Fair
6.684,10009.186,4,74.84,Low,Good,Low
6.573,9835.935,7,83.24,Low,Good,Fair
11.057,661.0,10,47.07,High,Low,Excellent
7.463,11177.015,5,81.33,Optimal,Good,Low
7.107,6844.499,8,81.87,Optimal,Moderate,Good
7.944,4559.109,6,70.34,Optimal,Low,Fair
7.666,6295.597,4,68.89,Optimal,Moderate,Low
8.314,10616.024,5,83.33,Optimal,Good,Low
7.37,8553.446,4,73.66,Optimal,Good,Low
2.933,888.0,9,29.68,Poor,Low,Good
7.969,5912.771,4,67.74,Optimal,Moderate,Low
7.379,9991.562,5,81.31,Optimal,Good,Low
7.894,8319.435,4,74.96,Optimal,Good,Low
6.269,5642.367,6,64.28,Low,Moderate,Fair
7.56,10740.819,8,93.33,Optimal,Good,Good
5.838,7353.124,6,64.78,Poor,Moderate,Fair
7.028,7249.012,8,83.08,Optimal,Moderate,Good
8.243,8423.201,6,81.94,Optimal,Good,Fair
10.219,345.0,10,56.41,High,Low,Excellent
1.566,2527.0,4,17.58,Poor,Low,Low
6.286,13531.959,5,74.19,Low,High,Low
7.929,11047.051,8,93.33,Optimal,Good,Good
7.62,7207.209,6,78.29,Optimal,Moderate,Fair
7.462,9106.727,5,78.65,Optimal,Good,Low
7.789,9865.487,7,89.6,Optimal,Good,Fair
6.254,6449.932,4,59.89,Low,Moderate,Low
7.281,6957.198,7,78.87,Optimal,Moderate,Fair
5.974,8319.296,4,62.65,Poor,Good,Low
8.063,3003.013,7,69.01,Optimal,Low,Fair
0.604,3907.0,5,25.05,Poor,Low,Low
5.739,7361.66,6,63.62,Poor,Moderate,Fair
7.227,8901.783,7,84.71,Optimal,Good,Fair
9.023,9847.941,6,83.98,High,Good,Fair
7.681,8704.581,5,79.45,Optimal,Good,Low
8.258,11058.593,7,90.0,Optimal,Good,Fair
7.266,7014.49,8,82.38,Optimal,Moderate,Good
7.477,8830.545,8,87.82,Optimal,Good,Good
8.308,9463.82,6,85.06,Optimal,Good,Fair
7.297,9191.288,5,78.91,Optimal,Good,Low
6.785,10802.858,4,75.85,Low,Good,Low
5.76,6780.198,6,62.13,Poor,Moderate,Fair
8.03,6205.017,7,78.62,Optimal,Moderate,Fair
8.005,10289.213,6,86.67,Optimal,Good,Fair
8.707,5780.094,4,65.34,Optimal,Moderate,Low
7.135,8851.189,6,81.22,Optimal,Good,Fair
5.001,10424.317,7,66.01,Poor,Good,Fair
9.021,8829.189,5,77.61,High,Good,Low
7.196,12937.0,1,68.0,Optimal,High,Poor
6.377,6721.539,8,75.27,Low,Moderate,Good
8.84,6751.203,4,68.25,Optimal,Moderate,Low
9.195,12224.699,4,76.05,High,High,Low
7.699,7628.765,5,76.22,Optimal,Moderate,Low
6.953,10108.824,5,80.86,Low,Good,Low
13.007,9444.0,2,31.67,Excessive,Good,Poor
8.805,6479.621,8,80.77,Optimal,Moderate,Good
8.659,9434.567,5,79.64,Optimal,Good,Low
14.827,2888.0,7,28.66,Excessive,Low,Fair
8.145,6319.217,6,75.62,Optimal,Moderate,Fair
8.538,11619.03,5,81.33,Optimal,Good,Low
12.618,22486.0,10,58.88,Excessive,Extreme,Excellent
9.382,6741.296,6,71.07,High,Moderate,Fair
6.304,7356.031,4,63.11,Low,Moderate,Low
8.058,8542.214,8,88.96,Optimal,Good,Good
6.422,6608.277,8,75.38,Low,Moderate,Good
6.743,3015.314,4,54.48,Low,Low,Low
8.353,12233.494,4,80.0,Optimal,High,Low
7.261,11309.509,8,91.33,Optimal,Good,Good
7.012,4392.222,5,64.51,Optimal,Low,Low
7.428,6415.582,4,67.25,Optimal,Moderate,Low
6.956,7566.527,4,70.26,Low,Moderate,Low
9.139,13275.39,6,83.28,High,High,Fair
7.76,10564.727,5,83.33,Optimal,Good,Low
6.64,5212.338,5,63.37,Low,Moderate,Low
7.06,6965.726,5,72.23,Optimal,Moderate,Low
8.087,7985.753,7,83.96,Optimal,Moderate,Fair
6.998,8974.828,4,74.9,Low,Good,Low
8.728,4590.263,8,75.1,Optimal,Low,Good
7.367,6400.74,4,67.2,Optimal,Moderate,Low
7.133,6826.654,5,71.81,Optimal,Moderate,Low
7.1,10357.897,6,84.67,Optimal,Good,Fair
7.275,6563.039,5,71.02,Optimal,Moderate,Low
6.744,8103.568,6,76.42,Low,Good,Fair
6.715,16292.0,6,81.62,Low,High,Fair
7.698,24698.0,4,78.55,Optimal,Extreme,Low
8.586,9463.202,4,76.39,Optimal,Good,Low
9.107,7670.878,6,76.61,High,Moderate,Fair
14.206,23175.0,10,58.77,Excessive,Extreme,Excellent
7.391,13109.373,5,81.33,Optimal,High,Low
8.139,16604.0,8,93.09,Optimal,High,Good
8.086,7087.227,6,77.93,Optimal,Moderate,Fair
7.538,10232.493,7,90.0,Optimal,Good,Fair
7.243,3884.066,4,59.65,Optimal,Low,Low
7.331,8541.673,6,80.29,Optimal,Good,Fair
7.163,9366.521,4,76.1,Optimal,Good,Low
8.135,8734.192,4,76.2,Optimal,Good,Low
5.698,5519.291,4,50.93,Poor,Moderate,Low
7.606,6357.061,4,69.07,Optimal,Moderate,Low
8.19,6293.393,6,75.55,Optimal,Moderate,Fair
9.128,9469.196,7,85.13,High,Good,Fair
7.201,8106.615,4,72.32,Optimal,Good,Low
7.876,9012.734,5,80.37,Optimal,Good,Low
1.676,2973.0,5,22.25,Poor,Low,Low
5.695,5975.453,6,58.93,Poor,Moderate,Fair
7.316,11613.069,8,91.33,Optimal,Good,Good
8.431,6962.784,4,70.89,Optimal,Moderate,Low
6.21,11806.585,8,83.43,Low,Good,Good
8.247,10364.468,6,86.67,Optimal,Good,Fair
7.136,7298.579,8,83.23,Optimal,Moderate,Good
9.385,6932.29,4,64.95,High,Moderate,Low
9.093,9045.124,5,77.54,High,Good,Low
8.267,4230.427,7,72.69,Optimal,Low,Fair
7.634,7207.367,6,78.29,Optimal,Moderate,Fair
7.038,11008.429,6,84.67,Optimal,Good,Fair
8.88,6907.778,6,75.39,Optimal,Moderate,Fair
6.675,10137.919,4,74.75,Low,Good,Low
8.557,9306.386,5,79.25,Optimal,Good,Low
14.29,2386.0,3,13.82,Excessive,Low,Poor
9.386,8306.204,7,79.06,High,Good,Fair
7.287,9405.764,7,86.22,Optimal,Good,Fair
8.35,6367.924,4,69.1,Optimal,Moderate,Low
6.838,5371.708,7,72.5,Low,Moderate,Fair
8.151,5724.386,8,80.51,Optimal,Moderate,Good
7.327,7640.367,5,74.25,Optimal,Moderate,Low
6.461,4783.0,1,46.96,Low,Low,Poor
7.279,10244.407,4,78.0,Optimal,Good,Low
6.223,9614.924,8,82.41,Low,Good,Good
7.579,6459.234,8,82.71,Optimal,Moderate,Good
8.638,7234.0,5,73.04,Optimal,Moderate,Low
8.828,8792.399,8,87.71,Optimal,Good,Good
6.523,0.0,2,36.56,Low,,Poor
7.732,7201.802,4,71.61,Optimal,Moderate,Low
8.071,8262.042,6,81.45,Optimal,Good,Fair
7.546,9210.447,7,87.63,Optimal,Good,Fair
7.254,7446.728,6,77.01,Optimal,Moderate,Fair
0.0,4332.0,1,13.0,,Low,Poor
6.289,9014.842,4,67.93,Low,Good,Low
0.0,1877.0,3,12.3,,Low,Poor
8.856,7279.788,4,69.84,Optimal,Moderate,Low
7.417,9414.372,6,82.91,Optimal,Good,Fair
8.496,11369.159,6,86.67,Optimal,Good,Fair
8.912,5242.393,5,67.06,Optimal,Moderate,Low
7.021,10467.634,8,91.33,Optimal,Good,Good
7.476,8772.0,5,77.65,Optimal,Good,Low
6.798,4877.295,6,67.28,Low,Low,Fair
7.245,9062.193,8,88.52,Optimal,Good,Good
7.685,8635.817,8,89.24,Optimal,Good,Good
8.007,23258.0,6,85.43,Optimal,Extreme,Fair
7.614,10886.579,5,83.33,Optimal,Good,Low
6.446,6695.573,4,62.55,Low,Moderate,Low
6.673,8699.539,5,74.16,Low,Good,Low
9.338,11127.8,4,74.62,High,Good,Low
6.528,9163.558,8,84.1,Low,Good,Good
9.17,6477.14,4,65.73,High,Moderate,Low
9.955,3533.442,8,62.38,High,Low,Good
6.798,8446.182,8,84.65,Low,Good,Good
7.151,6422.656,6,73.93,Optimal,Moderate,Fair
5.581,8707.096,7,69.09,Poor,Good,Fair
7.384,8259.001,4,72.78,Optimal,Good,Low
9.69,10329.23,7,81.1,High,Good,Fair
6.122,7656.104,6,68.85,Low,Moderate,Fair
6.823,3671.38,5,60.58,Low,Low,Low
6.703,7303.413,8,80.27,Low,Moderate,Good
7.862,8821.524,6,83.13,Optimal,Good,Fair
9.556,9151.809,5,73.23,High,Good,Low
6.056,0.0,4,38.56,Low,,Low
8.993,6144.157,5,69.77,Optimal,Moderate,Low
7.982,8139.859,6,81.09,Optimal,Good,Fair
7.178,6615.696,7,77.85,Optimal,Moderate,Fair
6.683,10294.123,4,74.83,Low,Good,Low
7.46,6852.14,6,75.22,Optimal,Moderate,Fair
6.438,9345.886,8,83.75,Low,Good,Good
7.28,7730.398,6,77.86,Optimal,Moderate,Fair
10.731,3165.0,4,38.72,High,Low,Low
2.911,1878.0,10,35.96,Poor,Low,Excellent
6.37,13290.074,5,75.03,Low,High,Low
8.745,22121.0,8,90.27,Optimal,Extreme,Good
6.917,9893.857,6,83.52,Low,Good,Fair
7.452,9728.487,7,87.19,Optimal,Good,Fair
7.913,6960.05,7,80.88,Optimal,Moderate,Fair
9.265,9326.895,5,76.66,High,Good,Low
8.719,6780.127,8,81.67,Optimal,Moderate,Good
7.867,7908.277,4,73.72,Optimal,Moderate,Low
8.673,10642.123,6,84.67,Optimal,Good,Fair
6.948,7558.714,7,80.16,Low,Moderate,Fair
6.021,8203.371,7,72.82,Low,Good,Fair
6.476,9797.236,4,72.15,Low,Good,Low
7.761,4426.109,5,66.61,Optimal,Low,Low
0.896,6086.0,2,21.59,Poor,Moderate,Poor
7.191,8592.729,5,77.11,Optimal,Good,Low
8.483,9216.458,5,80.98,Optimal,Good,Low
8.665,10399.751,8,91.33,Optimal,Good,Good
7.157,7245.912,4,69.74,Optimal,Moderate,Low
9.002,8247.835,5,76.06,High,Good,Low
4.88,5705.356,8,55.49,Poor,Moderate,Good
8.271,8527.093,5,78.91,Optimal,Good,Low
7.047,9259.962,7,85.78,Optimal,Good,Fair
5.885,10180.969,4,66.62,Poor,Good,Low
6.943,5382.443,6,70.24,Low,Moderate,Fair
7.054,7507.516,6,77.19,Optimal,Moderate,Fair
6.561,9558.06,8,85.62,Low,Good,Good
10.591,972.0,10,53.82,High,Low,Excellent
0.0,0.0,1,0.0,,,Poor
8.219,19273.0,9,96.03,Optimal,High,Good
10.0,4893.144,5,56.01,High,Low,Low
7.527,11011.09,5,83.33,Optimal,Good,Low
8.45,9532.392,6,85.26,Optimal,Good,Fair
8.134,8447.497,6,82.01,Optimal,Good,Fair
0.0,609.0,3,8.49,,Low,Poor
6.07,9419.858,6,73.63,Low,Good,Fair
8.1,11058.608,7,90.0,Optimal,Good,Fair
5.974,5452.565,7,64.05,Poor,Moderate,Fair
6.331,8701.885,6,74.08,Low,Good,Fair
8.902,22941.0,9,93.48,Optimal,Extreme,Good
7.129,9528.211,4,76.58,Optimal,Good,Low
7.905,6551.507,4,69.65,Optimal,Moderate,Low
0.969,1495.0,2,7.82,Poor,Low,Poor
6.845,22105.0,10,95.38,Low,Extreme,Excellent
7.108,7069.566,7,79.21,Optimal,Moderate,Fair
7.802,4088.61,6,68.93,Optimal,Low,Fair
6.442,6641.118,8,75.68,Low,Moderate,Good
0.655,5179.0,2,18.87,Poor,Moderate,Poor
0.0,0.0,1,0.0,,,Poor
6.986,10190.321,6,84.53,Low,Good,Fair
7.945,8217.607,4,74.65,Optimal,Good,Low
7.614,7592.546,4,72.78,Optimal,Moderate,Low
7.676,4555.313,4,63.67,Optimal,Low,Low
7.766,0.0,4,50.0,Optimal,,Low
7.997,7459.68,8,85.71,Optimal,Moderate,Good
7.867,10065.114,6,86.67,Optimal,Good,Fair
4.604,8069.249,5,50.37,Poor,Good,Low
6.876,8441.617,7,82.08,Low,Good,Fair
0.0,0.0,1,0.0,,,Poor
8.978,8533.346,7,83.6,Optimal,Good,Fair
7.127,4842.65,5,65.86,Optimal,Low,Low
6.748,8639.185,8,84.73,Low,Good,Good
6.389,6333.41,6,67.56,Low,Moderate,Fair
0.605,2144.0,2,9.77,Poor,Low,Poor
8.152,10366.454,4,80.0,Optimal,Good,Low
7.362,3617.852,6,65.52,Optimal,Low,Fair
8.208,4689.262,4,64.07,Optimal,Low,Low
7.666,10875.0,1,70.0,Optimal,Good,Poor
9.125,4784.21,4,61.1,High,Low,Low
7.405,0.0,6,54.67,Optimal,,Fair
12.256,2220.0,6,23.52,Excessive,Low,Fair
7.05,3870.085,8,72.94,Optimal,Low,Good
6.741,3949.164,4,57.26,Low,Low,Low
9.14,7073.522,6,74.49,High,Moderate,Fair
6.748,12055.479,5,78.81,Low,High,Low
7.339,5600.281,7,74.8,Optimal,Moderate,Fair
7.279,4832.0,10,82.5,Optimal,Low,Excellent
8.211,9980.477,6,86.61,Optimal,Good,Fair
7.42,7606.019,7,80.82,Optimal,Moderate,Fair
9.08,5887.344,4,64.86,High,Moderate,Low
7.121,9354.363,4,76.06,Optimal,Good,Low
6.394,6888.861,8,75.94,Low,Moderate,Good
6.602,6195.619,8,75.94,Low,Moderate,Good
6.863,10891.729,7,86.63,Low,Good,Fair
7.851,8563.838,4,75.69,Optimal,Good,Low
8.039,7359.075,7,82.08,Optimal,Moderate,Fair
5.887,9945.993,7,76.48,Poor,Good,Fair
8.282,10175.48,6,86.67,Optimal,Good,Fair
7.241,11241.952,6,84.67,Optimal,Good,Fair
8.459,5841.215,5,70.86,Optimal,Moderate,Low
7.615,8257.306,7,84.77,Optimal,Good,Fair
7.35,7587.751,8,84.1,Optimal,Moderate,Good
3.998,559.0,10,39.66,Poor,Low,Excellent
11.261,1233.0,7,35.52,High,Low,Fair
8.713,8488.422,7,83.47,Optimal,Good,Fair
6.086,4714.893,7,63.0,Low,Low,Fair
8.506,22372.0,10,96.89,Optimal,Extreme,Excellent
8.404,9702.954,4,79.11,Optimal,Good,Low
8.043,11425.335,7,90.0,Optimal,Good,Fair
6.441,8867.011,4,69.01,Low,Good,Low
5.418,9633.736,5,63.25,Poor,Good,Low
7.016,11376.884,6,84.67,Optimal,Good,Fair
7.011,7113.81,5,72.67,Optimal,Moderate,Low
6.923,10020.828,5,80.56,Low,Good,Low
8.08,9852.964,7,89.56,Optimal,Good,Fair
8.145,8945.834,8,90.17,Optimal,Good,Good
8.695,9236.218,6,82.38,Optimal,Good,Fair
6.148,8442.955,8,78.14,Low,Good,Good
6.432,9094.605,4,69.6,Low,Good,Low
9.465,10758.325,7,83.35,High,Good,Fair
7.937,6227.25,8,82.02,Optimal,Moderate,Good
7.315,7802.217,8,84.74,Optimal,Moderate,Good
8.095,5831.58,8,80.83,Optimal,Moderate,Good
8.07,5729.067,5,70.52,Optimal,Moderate,Low
9.409,7728.291,7,77.09,High,Moderate,Fair
8.514,6143.715,5,69.76,Optimal,Moderate,Low
8.238,7138.571,5,74.75,Optimal,Moderate,Low
8.159,10629.56,4,80.0,Optimal,Good,Low
6.522,8629.413,8,82.44,Low,Good,Good
6.923,10080.377,7,87.23,Low,Good,Fair
7.071,7930.956,4,71.79,Optimal,Moderate,Low
7.67,7317.651,7,81.95,Optimal,Moderate,Fair
6.249,10459.548,6,77.16,Low,Good,Fair
6.846,7753.897,4,69.72,Low,Moderate,Low
7.277,5651.852,8,78.29,Optimal,Moderate,Good
9.212,4423.869,7,69.15,High,Low,Fair
7.516,8323.564,4,74.97,Optimal,Good,Low
5.831,8712.433,6,68.78,Poor,Good,Fair
8.951,6324.581,5,70.31,Optimal,Moderate,Low
9.004,11244.997,6,84.63,High,Good,Fair
8.316,8676.768,8,89.36,Optimal,Good,Good
3.901,1106.0,9,37.19,Poor,Low,Good
7.211,4523.777,8,74.9,Optimal,Low,Good
9.301,2823.167,7,63.46,High,Low,Fair
8.111,9359.151,7,88.08,Optimal,Good,Fair
7.973,10813.562,8,93.33,Optimal,Good,Good
8.259,7865.541,6,80.26,Optimal,Moderate,Fair
9.074,9013.755,4,74.3,High,Good,Low
7.628,5972.388,6,74.58,Optimal,Moderate,Fair
6.008,5386.0,10,74.24,Low,Moderate,Excellent
14.013,7054.0,6,37.83,Excessive,Moderate,Fair
3.111,12421.0,2,34.22,Poor,High,Poor
7.076,0.0,4,48.0,Optimal,,Low
8.014,8943.725,6,83.5,Optimal,Good,Fair
6.832,10330.655,6,82.99,Low,Good,Fair
0.0,164.0,5,13.83,,Low,Low
8.727,7625.126,7,80.88,Optimal,Moderate,Fair
6.29,9519.845,5,72.79,Low,Good,Low
8.0,10000.0,10,100.0,Optimal,Good,Excellent
11.216,9074.0,6,56.43,High,Good,Fair
5.534,6766.338,8,66.04,Poor,Moderate,Good
6.919,6017.419,7,75.24,Low,Moderate,Fair
7.867,8978.168,8,90.27,Optimal,Good,Good
7.831,6412.427,6,75.9,Optimal,Moderate,Fair
5.506,7589.543,5,58.17,Poor,Moderate,Low
8.649,13812.0,1,68.0,Optimal,High,Poor
9.917,969.0,10,61.74,High,Low,Excellent
9.178,9786.489,5,78.91,High,Good,Low
9.347,7325.624,7,76.51,High,Moderate,Fair
5.512,8998.171,8,72.47,Poor,Good,Good
7.604,7709.497,8,86.46,Optimal,Moderate,Good
8.532,5872.421,7,75.62,Optimal,Moderate,Fair
8.383,8444.471,7,85.33,Optimal,Good,Fair
5.427,4441.141,5,47.78,Poor,Low,Low
2.495,1403.0,9,30.88,Poor,Low,Good
7.254,11746.209,5,81.33,Optimal,Good,Low
7.191,6726.66,6,74.85,Optimal,Moderate,Fair
7.974,4470.808,6,70.08,Optimal,Low,Fair
7.202,8159.513,4,72.48,Optimal,Good,Low
5.301,7796.56,8,66.34,Poor,Moderate,Good
9.066,9487.803,5,79.14,High,Good,Low
7.137,9832.021,6,84.16,Optimal,Good,Fair
8.36,6194.601,6,75.25,Optimal,Moderate,Fair
6.965,7353.041,4,69.71,Low,Moderate,Low
5.732,7253.141,5,59.88,Poor,Moderate,Low
7.205,7214.116,8,82.98,Optimal,Moderate,Good
6.849,3247.134,6,62.9,Low,Low,Fair
14.199,22463.0,10,58.88,Excessive,Extreme,Excellent
6.093,8653.248,5,68.22,Low,Good,Low
7.842,7251.639,6,78.42,Optimal,Moderate,Fair
9.228,5451.014,8,75.41,High,Moderate,Good
8.242,8648.518,8,89.28,Optimal,Good,Good
8.882,10820.428,6,84.67,Optimal,Good,Fair
7.08,6158.834,6,73.14,Optimal,Moderate,Fair
7.39,11173.0,5,81.33,Optimal,Good,Low
7.251,10416.696,7,88.0,Optimal,Good,Fair
14.262,9563.0,6,45.36,Excessive,Good,Fair
0.653,5924.0,5,31.11,Poor,Moderate,Low
7.363,8980.159,6,81.61,Optimal,Good,Fair
7.231,9583.593,7,86.75,Optimal,Good,Fair
7.423,8193.656,4,72.58,Optimal,Good,Low
6.715,6394.677,4,64.33,Low,Moderate,Low
6.653,7651.699,4,67.49,Low,Moderate,Low
6.172,7868.051,4,63.32,Low,Moderate,Low
7.274,7901.59,8,85.04,Optimal,Moderate,Good
7.899,10302.439,8,93.33,Optimal,Good,Good
7.597,8806.601,5,79.75,Optimal,Good,Low
8.322,7282.468,4,71.85,Optimal,Moderate,Low
7.541,8637.593,6,82.58,Optimal,Good,Fair
9.295,9723.634,6,80.89,High,Good,Fair
6.822,13276.351,6,82.89,Low,High,Fair
0.0,0.0,1,0.0,,,Poor
8.73,10984.0,5,81.33,Optimal,Good,Low
7.552,7939.194,5,77.15,Optimal,Moderate,Low
8.51,9622.407,6,83.53,Optimal,Good,Fair
7.564,8579.307,7,85.74,Optimal,Good,Fair
7.38,12214.237,6,84.67,Optimal,High,Fair
6.33,6829.466,5,65.12,Low,Moderate,Low
7.77,8253.046,8,88.09,Optimal,Good,Good
6.117,6903.667,7,69.88,Low,Moderate,Fair
8.0,10000.0,10,100.0,Optimal,Good,Excellent
7.677,19845.0,8,92.61,Optimal,High,Good
9.354,5263.274,4,60.25,High,Moderate,Low
7.913,6876.108,8,83.96,Optimal,Moderate,Good
14.344,21861.0,10,58.97,Excessive,Extreme,Excellent
8.05,8308.096,7,84.92,Optimal,Good,Fair
6.899,8354.438,5,75.39,Low,Good,Low
7.472,6984.533,7,78.95,Optimal,Moderate,Fair
7.779,11016.495,8,93.33,Optimal,Good,Good
11.855,2174.0,4,18.84,High,Low,Low
6.419,7787.024,4,65.55,Low,Moderate,Low
6.43,6889.384,4,62.97,Low,Moderate,Low
11.421,8111.0,5,46.93,High,Good,Low
6.746,8062.152,8,82.98,Low,Good,Good
9.671,8075.253,7,75.52,High,Good,Fair
8.052,10209.884,6,86.67,Optimal,Good,Fair
9.161,8458.294,7,81.76,High,Good,Fair
7.874,5653.687,4,66.96,Optimal,Moderate,Low
0.0,0.0,1,0.0,,,Poor
7.749,10006.766,6,86.67,Optimal,Good,Fair
8.98,9108.449,6,81.99,Optimal,Good,Fair
8.944,6861.945,5,71.92,Optimal,Moderate,Low
5.502,5539.724,7,58.64,Poor,Moderate,Fair
7.899,5175.411,5,68.86,Optimal,Moderate,Low
6.65,11557.31,6,81.17,Low,Good,Fair
6.577,7878.164,6,74.07,Low,Moderate,Fair
7.476,8375.078,6,79.79,Optimal,Good,Fair
9.644,10105.583,6,78.23,High,Good,Fair
7.908,8946.102,7,86.84,Optimal,Good,Fair
8.017,22869.0,8,92.15,Optimal,Extreme,Good
6.518,7436.395,4,65.49,Low,Moderate,Low
6.812,7676.888,4,69.15,Low,Moderate,Low
11.269,2857.0,7,40.27,High,Low,Fair
6.704,6346.97,5,67.41,Low,Moderate,Low
6.35,20987.0,8,83.94,Low,Extreme,Good
7.94,6848.237,5,73.88,Optimal,Moderate,Low
9.25,8224.642,8,83.51,High,Good,Good
6.38,8057.582,6,72.64,Low,Good,Fair
7.758,8028.488,4,74.09,Optimal,Good,Low
2.677,1959.0,10,36.02,Poor,Low,Excellent
5.629,5997.876,6,58.21,Poor,Moderate,Fair
8.064,10836.478,7,90.0,Optimal,Good,Fair
6.746,5457.158,5,65.16,Low,Moderate,Low
6.672,10138.289,5,78.05,Low,Good,Low
8.455,7314.07,6,78.61,Optimal,Moderate,Fair
6.936,8248.09,5,75.44,Low,Good,Low
8.32,6029.611,8,81.42,Optimal,Moderate,Good
6.808,9142.817,6,80.18,Low,Good,Fair
8.977,7940.517,8,85.15,Optimal,Moderate,Good
6.888,7823.752,6,77.02,Low,Moderate,Fair
8.115,8405.888,6,81.88,Optimal,Good,Fair
1.052,2089.0,1,6.27,Poor,Low,Poor
8.182,7443.762,7,82.33,Optimal,Moderate,Fair
7.685,7327.243,6,78.65,Optimal,Moderate,Fair
8.35,8902.0,5,80.04,Optimal,Good,Low
3.193,391.0,9,29.38,Poor,Low,Good
6.877,6975.19,6,74.36,Low,Moderate,Fair
7.133,4133.42,7,70.4,Optimal,Low,Fair
9.001,7352.135,7,80.05,High,Moderate,Fair
8.529,6043.356,8,79.46,Optimal,Moderate,Good
7.65,11613.032,5,83.33,Optimal,Good,Low
6.97,7797.243,5,74.43,Low,Moderate,Low
7.247,9237.26,4,75.71,Optimal,Good,Low
8.322,7375.156,4,72.13,Optimal,Moderate,Low
9.173,6838.464,6,73.45,High,Moderate,Fair
6.196,10404.955,7,79.96,Low,Good,Fair
7.031,5643.119,8,78.26,Optimal,Moderate,Good
0.883,4050.0,1,12.15,Poor,Low,Poor
7.513,4532.347,8,76.93,Optimal,Low,Good
8.579,9101.575,8,88.64,Optimal,Good,Good
10.484,422.0,10,53.46,High,Low,Excellent
7.575,8252.826,4,74.76,Optimal,Good,Low
0.0,1068.0,2,6.54,,Low,Poor
0.0,0.0,1,0.0,,,Poor
6.99,5051.525,8,76.39,Low,Moderate,Good
7.314,7870.665,5,74.95,Optimal,Moderate,Low
8.419,8143.762,7,84.43,Optimal,Good,Fair
6.121,7239.185,8,74.26,Low,Moderate,Good
7.358,8795.0,10,94.38,Optimal,Good,Excellent
6.727,7374.968,7,77.39,Low,Moderate,Fair
7.57,8151.755,8,87.79,Optimal,Good,Good
8.266,8628.566,8,89.22,Optimal,Good,Good
9.513,5800.705,7,70.27,High,Moderate,Fair
7.709,4511.339,7,73.53,Optimal,Low,Fair
0.0,1342.0,5,17.36,,Low,Low
7.467,7809.381,6,78.09,Optimal,Moderate,Fair
7.071,8813.455,5,77.77,Optimal,Good,Low
6.833,5527.0,1,52.91,Low,Moderate,Poor
1.395,3275.0,2,13.16,Poor,Low,Poor
5.076,10429.947,4,56.91,Poor,Good,Low
6.246,10934.143,5,73.79,Low,Good,Low
7.314,0.0,6,54.67,Optimal,,Fair
5.327,6617.231,6,56.44,Poor,Moderate,Fair
9.165,7558.115,7,79.02,High,Moderate,Fair
8.356,6779.954,7,80.34,Optimal,Moderate,Fair
7.694,9191.405,5,80.91,Optimal,Good,Low
7.393,13267.076,7,88.0,Optimal,High,Fair
7.769,10107.842,4,80.0,Optimal,Good,Low
6.722,5163.88,5,64.04,Low,Moderate,Low
6.924,8429.653,7,82.53,Low,Good,Fair
7.329,7672.0,10,91.02,Optimal,Moderate,Excellent
7.664,16572.0,8,93.1,Optimal,High,Good
6.96,8757.621,5,77.21,Low,Good,Low
8.256,14087.0,1,70.0,Optimal,High,Poor
6.843,8568.951,6,78.8,Low,Good,Fair
5.966,11985.665,6,74.26,Poor,Good,Fair
8.416,8385.12,5,78.49,Optimal,Good,Low
9.013,9275.439,8,89.03,High,Good,Good
10.0,7369.799,7,70.11,High,Moderate,Fair
7.128,9040.976,7,85.12,Optimal,Good,Fair
8.953,7376.026,4,70.13,Optimal,Moderate,Low
11.283,6193.0,5,43.38,High,Moderate,Low
7.609,11117.596,4,80.0,Optimal,Good,Low
7.308,10928.909,7,88.0,Optimal,Good,Fair
7.616,6915.435,6,77.41,Optimal,Moderate,Fair
6.561,7285.0,5,68.8,Low,Moderate,Low
8.58,6674.187,5,71.36,Optimal,Moderate,Low
6.069,9899.046,7,78.39,Low,Good,Fair
7.913,6217.563,6,75.32,Optimal,Moderate,Fair
7.981,12141.0,5,83.33,Optimal,High,Low
8.013,10287.673,7,90.0,Optimal,Good,Fair
6.862,8976.21,4,73.55,Low,Good,Low
0.0,1924.0,5,19.11,,Low,Low
8.659,4889.0,5,66.0,Optimal,Low,Low
8.554,5493.409,6,71.15,Optimal,Moderate,Fair
6.624,6965.634,7,75.14,Low,Moderate,Fair
9.819,8300.577,6,71.38,High,Good,Fair
5.525,8091.743,5,59.91,Poor,Good,Low
7.985,7322.631,6,78.63,Optimal,Moderate,Fair
7.034,4298.737,8,74.23,Optimal,Low,Good
5.787,8436.05,6,67.42,Poor,Good,Fair
9.633,8438.221,6,73.65,High,Good,Fair
8.849,2583.0,5,59.08,Optimal,Low,Low
6.205,8236.424,5,68.09,Low,Good,Low
6.166,2573.515,7,57.38,Low,Low,Fair
8.163,10660.763,6,86.67,Optimal,Good,Fair
7.317,10899.707,5,81.33,Optimal,Good,Low
10.232,727.0,10,57.4,High,Low,Excellent
9.271,302.0,10,66.2,High,Low,Excellent
7.809,7791.403,5,76.71,Optimal,Moderate,Low
7.139,7245.316,4,69.74,Optimal,Moderate,Low
8.0,10000.0,10,100.0,Optimal,Good,Excellent
5.937,11945.622,7,77.24,Poor,Good,Fair
8.479,13617.0,1,70.0,Optimal,High,Poor
8.61,9544.0,1,66.63,Optimal,Good,Poor
7.944,6826.069,5,73.81,Optimal,Moderate,Low
7.701,7881.603,5,76.98,Optimal,Moderate,Low
6.945,6204.025,5,69.4,Low,Moderate,Low
8.524,10189.343,6,84.67,Optimal,Good,Fair
8.157,8688.712,7,86.07,Optimal,Good,Fair
8.149,7709.847,5,76.46,Optimal,Moderate,Low
7.682,0.0,3,46.67,Optimal,,Poor
6.792,9834.63,8,88.76,Low,Good,Good
5.995,5831.859,5,58.77,Poor,Moderate,Low
7.353,8549.484,4,73.65,Optimal,Good,Low
7.633,11756.0,1,70.0,Optimal,Good,Poor
8.547,11864.919,5,81.33,Optimal,Good,Low
8.255,8137.691,7,84.41,Optimal,Good,Fair
6.133,11299.567,6,76.0,Low,Good,Fair
7.698,6590.356,5,73.1,Optimal,Moderate,Low
6.873,6009.193,8,78.09,Low,Moderate,Good
2.502,14653.0,2,33.33,Poor,High,Poor
7.467,5701.257,5,68.44,Optimal,Moderate,Low
11.682,4867.0,6,36.36,High,Low,Fair
7.622,6876.435,6,77.3,Optimal,Moderate,Fair
7.534,4706.272,7,74.12,Optimal,Low,Fair
8.043,10639.271,5,83.33,Optimal,Good,Low
12.693,4554.0,5,27.0,Excessive,Low,Low
6.357,11239.649,8,84.9,Low,Good,Good
7.417,7762.983,7,81.29,Optimal,Moderate,Fair
8.043,8239.201,8,88.05,Optimal,Good,Good
6.042,9112.843,8,79.09,Low,Good,Good
7.568,11818.837,6,86.67,Optimal,Good,Fair
7.481,7080.902,7,79.24,Optimal,Moderate,Fair
7.716,4238.0,1,52.71,Optimal,Low,Poor
7.893,11863.881,5,83.33,Optimal,Good,Low
8.89,11901.704,7,88.0,Optimal,Good,Fair
7.096,7976.679,8,85.26,Optimal,Moderate,Good
7.587,6805.153,4,70.42,Optimal,Moderate,Low
6.678,6364.569,6,70.54,Low,Moderate,Fair
5.461,9839.407,7,71.05,Poor,Good,Fair
8.867,5101.161,5,66.64,Optimal,Moderate,Low
7.263,9220.046,6,82.33,Optimal,Good,Fair
7.719,6385.72,8,82.49,Optimal,Moderate,Good
7.353,9964.639,4,77.89,Optimal,Good,Low
8.77,21409.0,6,83.71,Optimal,Extreme,Fair
7.698,8339.689,5,78.35,Optimal,Good,Low
7.957,10583.27,7,90.0,Optimal,Good,Fair
7.695,7996.189,8,87.32,Optimal,Moderate,Good
7.172,10759.677,7,88.0,Optimal,Good,Fair
8.55,9177.305,7,85.53,Optimal,Good,Fair
7.453,6958.273,5,72.21,Optimal,Moderate,Low
8.228,9747.257,7,89.24,Optimal,Good,Fair
7.094,0.0,3,44.67,Optimal,,Poor
8.586,6499.278,4,67.5,Optimal,Moderate,Low
7.826,5731.207,8,80.53,Optimal,Moderate,Good
9.414,5979.555,4,61.8,High,Moderate,Low
9.298,7342.112,6,73.71,High,Moderate,Fair
8.79,7863.722,8,84.92,Optimal,Moderate,Good
7.068,5368.229,6,70.77,Optimal,Moderate,Fair
7.732,7323.012,5,75.3,Optimal,Moderate,Low
7.846,10289.519,5,83.33,Optimal,Good,Low
7.025,10939.165,4,78.0,Optimal,Good,Low
8.299,23405.0,10,98.74,Optimal,Extreme,Excellent
5.839,5916.305,8,67.15,Poor,Moderate,Good
7.838,5206.132,8,78.95,Optimal,Moderate,Good
8.697,10002.733,5,81.33,Optimal,Good,Low
6.092,6769.625,5,62.56,Low,Moderate,Low
6.782,6097.461,8,77.45,Low,Moderate,Good
7.401,9182.831,7,85.55,Optimal,Good,Fair
7.333,7344.116,7,80.03,Optimal,Moderate,Fair
8.058,9693.893,6,85.75,Optimal,Good,Fair
6.418,9010.653,4,69.21,Low,Good,Low
9.373,7491.793,8,80.08,High,Moderate,Good
7.079,7267.517,5,73.14,Optimal,Moderate,Low
8.876,6281.534,8,80.18,Optimal,Moderate,Good
11.789,524.0,10,34.95,High,Low,Excellent
8.551,10254.748,7,88.0,Optimal,Good,Fair
6.984,8056.026,8,85.34,Low,Good,Good
6.758,8069.734,4,69.79,Low,Good,Low
7.261,10026.912,4,78.0,Optimal,Good,Low
7.073,4873.821,6,69.29,Optimal,Low,Fair
10.954,8847.0,4,53.09,High,Good,Low
8.797,6872.635,6,75.28,Optimal,Moderate,Fair
9.575,4621.085,7,66.11,High,Low,Fair
7.78,0.0,6,56.67,Optimal,,Fair
6.509,6177.329,8,74.96,Low,Moderate,Good
7.93,5533.005,8,79.93,Optimal,Moderate,Good
2.862,15985.0,1,30.14,Poor,High,Poor
7.465,11979.71,7,88.0,Optimal,Good,Fair
8.708,9985.86,5,81.29,Optimal,Good,Low
5.659,8145.449,7,68.34,Poor,Good,Fair
0.0,0.0,1,0.0,,,Poor
7.151,7346.753,4,70.04,Optimal,Moderate,Low
8.781,8208.456,4,72.63,Optimal,Good,Low
2.401,3835.0,5,24.84,Poor,Low,Low
6.156,7230.409,5,64.58,Low,Moderate,Low
8.252,6994.761,6,77.65,Optimal,Moderate,Fair
7.514,9119.401,5,80.69,Optimal,Good,Low
8.0,10000.0,10,100.0,Optimal,Good,Excellent
6.025,24168.0,7,76.87,Low,Extreme,Fair
8.674,5185.0,5,66.89,Optimal,Moderate,Low
5.845,10365.131,8,79.47,Poor,Good,Good
6.727,5459.183,4,61.65,Low,Moderate,Low
7.06,10145.773,6,84.67,Optimal,Good,Fair
7.559,4614.637,7,73.84,Optimal,Low,Fair
2.964,1588.0,10,35.14,Poor,Low,Excellent
6.998,2200.212,4,54.58,Low,Low,Low
9.799,7968.164,4,63.91,High,Moderate,Low
7.786,8806.938,8,89.75,Optimal,Good,Good
7.039,5167.133,5,66.83,Optimal,Moderate,Low
5.886,10193.305,7,76.63,Poor,Good,Fair
8.544,10363.523,4,78.0,Optimal,Good,Low
5.458,7825.488,5,58.31,Poor,Moderate,Low
6.982,5501.21,8,77.66,Low,Moderate,Good
8.473,11302.473,4,80.0,Optimal,Good,Low
9.645,7024.652,5,65.96,High,Moderate,Low
7.803,7814.034,6,80.11,Optimal,Moderate,Fair
7.266,6995.45,8,82.32,Optimal,Moderate,Good
6.489,5915.0,1,50.64,Low,Moderate,Poor
6.853,9041.106,4,73.65,Low,Good,Low
6.49,7524.53,7,75.47,Low,Moderate,Fair
10.314,391.0,10,55.4,High,Low,Excellent
6.476,5925.469,4,60.54,Low,Moderate,Low
2.454,12109.0,2,33.33,Poor,High,Poor
7.78,9872.418,6,86.28,Optimal,Good,Fair
7.411,8345.1,8,86.37,Optimal,Good,Good
7.56,5664.932,4,66.99,Optimal,Moderate,Low
7.072,5755.694,7,75.27,Optimal,Moderate,Fair
13.021,22503.0,10,58.87,Excessive,Extreme,Excellent
6.502,8170.158,8,80.86,Low,Good,Good
6.371,6614.49,6,68.22,Low,Moderate,Fair
7.409,5683.174,4,65.05,Optimal,Moderate,Low
7.479,7768.693,4,71.31,Optimal,Moderate,Low
7.341,6167.717,8,79.84,Optimal,Moderate,Good
6.41,0.0,2,35.43,Low,,Poor
8.314,9417.437,5,81.59,Optimal,Good,Low
7.797,5942.847,8,81.16,Optimal,Moderate,Good
9.095,9117.302,4,74.4,High,Good,Low
8.395,6792.22,8,83.71,Optimal,Moderate,Good
8.329,10285.4,4,80.0,Optimal,Good,Low
7.24,9915.109,8,91.08,Optimal,Good,Good
7.783,5070.606,7,75.21,Optimal,Moderate,Fair
7.824,8859.126,8,89.91,Optimal,Good,Good
6.659,0.0,5,47.92,Low,,Low
7.518,6279.615,6,75.51,Optimal,Moderate,Fair
1.056,5055.0,1,15.16,Poor,Moderate,Poor
6.732,8639.265,4,71.24,Low,Good,Low
8.54,11113.764,8,91.33,Optimal,Good,Good
7.865,9618.232,8,92.19,Optimal,Good,Good
8.884,6823.691,8,81.8,Optimal,Moderate,Good
7.225,7531.33,8,83.93,Optimal,Moderate,Good
8.456,16716.0,10,99.74,Optimal,High,Excellent
6.819,9695.864,5,78.61,Low,Good,Low
6.393,9571.624,8,83.98,Low,Good,Good
8.738,8676.505,6,80.7,Optimal,Good,Fair
7.45,6530.884,8,80.93,Optimal,Moderate,Good
7.87,19896.0,6,85.93,Optimal,High,Fair
7.597,5404.981,5,69.55,Optimal,Moderate,Low
6.088,9430.325,5,70.5,Low,Good,Low
6.278,7953.95,8,77.98,Low,Moderate,Good
6.279,12161.532,7,80.79,Low,High,Fair
2.462,2162.0,5,19.82,Poor,Low,Low
7.529,6791.665,6,77.04,Optimal,Moderate,Fair
3.12,663.0,10,32.95,Poor,Low,Excellent
6.977,5882.993,5,68.75,Low,Moderate,Low
6.737,7332.442,4,67.37,Low,Moderate,Low
7.358,7521.246,6,77.23,Optimal,Moderate,Fair
8.574,10651.94,7,88.0,Optimal,Good,Fair
1.1,4598.0,4,23.79,Poor,Low,Low
13.288,2658.0,7,27.97,Excessive,Low,Fair
7.115,6867.743,7,78.6,Optimal,Moderate,Fair
6.642,5724.524,8,74.93,Low,Moderate,Good
7.259,9113.472,4,75.34,Optimal,Good,Low
6.55,9083.0,5,74.08,Low,Good,Low
8.649,6569.874,7,77.71,Optimal,Moderate,Fair
8.864,6970.103,5,72.24,Optimal,Moderate,Low
7.165,9085.657,6,81.92,Optimal,Good,Fair
1.143,1337.0,4,14.01,Poor,Low,Low
7.557,8157.555,5,77.81,Optimal,Good,Low
6.746,7508.242,7,77.98,Low,Moderate,Fair
8.06,8298.839,7,84.9,Optimal,Good,Fair
7.249,6390.081,6,73.84,Optimal,Moderate,Fair
8.382,11870.641,7,90.0,Optimal,Good,Fair
7.793,10992.204,7,90.0,Optimal,Good,Fair
5.378,7468.756,6,59.61,Poor,Moderate,Fair
8.829,11242.454,6,84.67,Optimal,Good,Fair
7.035,5106.136,7,73.32,Optimal,Moderate,Fair
8.689,8032.631,7,82.1,Optimal,Good,Fair
8.318,6807.165,6,77.09,Optimal,Moderate,Fair
6.989,4330.384,7,70.88,Low,Low,Fair
2.088,3593.0,5,24.11,Poor,Low,Low
8.213,6542.644,6,76.29,Optimal,Moderate,Fair
3.586,1872.0,10,40.3,Poor,Low,Excellent
6.314,0.0,3,37.81,Low,,Poor
7.148,7432.631,6,76.96,Optimal,Moderate,Fair
7.092,8012.423,8,85.37,Optimal,Good,Good
9.112,9132.613,7,84.28,High,Good,Fair
1.168,1841.0,4,15.52,Poor,Low,Low
7.814,5982.672,5,71.28,Optimal,Moderate,Low
6.934,7573.216,4,70.06,Low,Moderate,Low
4.946,6509.353,5,48.43,Poor,Moderate,Low
7.191,6780.031,6,75.01,Optimal,Moderate,Fair
13.716,9641.0,3,35.59,Excessive,Good,Poor
7.877,4660.265,8,77.31,Optimal,Low,Good
8.286,11037.437,6,86.67,Optimal,Good,Fair
9.622,7093.788,6,69.73,High,Moderate,Fair
7.053,4029.078,6,66.75,Optimal,Low,Fair
8.201,8130.701,7,84.39,Optimal,Good,Fair
7.253,9706.843,8,90.45,Optimal,Good,Good
7.315,8017.656,7,82.05,Optimal,Good,Fair
8.139,7673.547,6,79.69,Optimal,Moderate,Fair
6.726,9705.192,5,77.71,Low,Good,Low
8.126,7516.501,5,75.88,Optimal,Moderate,Low
6.94,8304.87,7,82.31,Low,Good,Fair
6.463,5567.348,5,62.67,Low,Moderate,Low
6.128,9863.869,4,68.87,Low,Good,Low
7.115,7454.611,7,80.36,Optimal,Moderate,Fair
8.272,6479.164,5,72.77,Optimal,Moderate,Low
6.795,4492.0,5,62.76,Low,Low,Low
0.0,3332.0,1,10.0,,Low,Poor
8.0,10000.0,10,100.0,Optimal,Good,Excellent
6.522,9192.794,7,80.8,Low,Good,Fair
6.153,9298.861,6,74.09,Low,Good,Fair
7.847,7574.843,6,79.39,Optimal,Moderate,Fair
8.077,10282.929,8,93.33,Optimal,Good,Good
7.974,7550.509,7,82.65,Optimal,Moderate,Fair
6.485,9122.134,4,70.22,Low,Good,Low
7.94,8737.476,4,76.21,Optimal,Good,Low
6.487,8245.687,8,80.94,Low,Good,Good
5.905,9351.02,5,68.25,Poor,Good,Low
7.577,7877.796,4,73.63,Optimal,Moderate,Low
14.86,4175.0,2,15.86,Excessive,Low,Poor
8.077,7007.895,7,81.02,Optimal,Moderate,Fair
4.628,9078.561,5,53.59,Poor,Good,Low
7.698,10008.753,8,93.33,Optimal,Good,Good
7.789,20543.0,9,95.84,Optimal,Extreme,Good
11.343,9212.0,3,44.81,High,Good,Poor
7.924,8693.272,6,82.75,Optimal,Good,Fair
8.0,10000.0,10,100.0,Optimal,Good,Excellent
7.33,5885.204,4,65.66,Optimal,Moderate,Low
7.948,8975.811,5,80.26,Optimal,Good,Low
8.333,13655.0,1,70.0,Optimal,High,Poor
6.262,6259.488,4,59.4,Low,Moderate,Low
6.856,9451.057,7,84.91,Low,Good,Fair
8.182,10186.474,4,80.0,Optimal,Good,Low
12.579,23167.0,10,58.77,Excessive,Extreme,Excellent
8.589,10364.706,6,84.67,Optimal,Good,Fair
6.349,8933.432,5,71.62,Low,Good,Low
3.059,22139.0,2,32.73,Poor,Extreme,Poor
7.521,7259.549,7,81.78,Optimal,Moderate,Fair
6.12,9607.839,4,68.02,Low,Good,Low
13.509,20972.0,10,59.1,Excessive,Extreme,Excellent
7.532,8034.911,6,80.77,Optimal,Good,Fair
8.18,5716.656,7,77.15,Optimal,Moderate,Fair
5.54,9164.489,4,59.97,Poor,Good,Low
6.154,6813.055,7,69.98,Low,Moderate,Fair
6.093,7471.658,5,64.68,Low,Moderate,Low
8.384,9639.776,7,88.92,Optimal,Good,Fair
8.7,7179.748,5,72.87,Optimal,Moderate,Low
6.924,6820.865,6,74.37,Low,Moderate,Fair
0.0,4959.0,3,21.54,,Low,Poor
7.418,6891.324,4,68.67,Optimal,Moderate,Low
14.863,5491.0,6,33.14,Excessive,Moderate,Fair
7.125,7091.933,4,69.28,Optimal,Moderate,Low
7.474,12781.532,4,78.0,Optimal,High,Low
6.205,9508.152,5,71.91,Low,Good,Low
9.599,224.0,10,62.68,High,Low,Excellent
6.665,6805.27,8,78.4,Low,Moderate,Good
8.482,6039.185,5,71.45,Optimal,Moderate,Low
8.428,8877.004,6,83.3,Optimal,Good,Fair
8.0,10000.0,10,100.0,Optimal,Good,Excellent
9.043,6692.24,5,70.98,High,Moderate,Low
3.842,289.0,10,37.6,Poor,Low,Excellent
6.929,13721.0,5,80.62,Low,High,Low
6.832,11263.143,7,86.32,Low,Good,Fair
3.926,1486.0,10,41.87,Poor,Low,Excellent
6.701,7390.156,4,67.18,Low,Moderate,Low
6.525,7252.676,4,65.01,Low,Moderate,Low
7.91,12431.089,4,80.0,Optimal,High,Low
7.843,6516.033,5,72.88,Optimal,Moderate,Low
7.954,12364.0,1,70.0,Optimal,High,Poor
7.724,5784.034,6,74.02,Optimal,Moderate,Fair
0.0,504.0,5,14.85,,Low,Low
10.927,5498.0,4,43.37,High,Moderate,Low
7.505,10314.693,6,86.67,Optimal,Good,Fair
3.354,23039.0,2,34.96,Poor,Extreme,Poor
8.532,9789.447,5,80.7,Optimal,Good,Low
6.698,7300.77,5,70.22,Low,Moderate,Low
6.849,7856.706,6,76.73,Low,Moderate,Fair
6.203,6256.459,7,68.8,Low,Moderate,Fair
8.687,10749.568,4,78.0,Optimal,Good,Low
7.041,9229.683,5,79.02,Optimal,Good,Low
7.374,11725.493,6,84.67,Optimal,Good,Fair
6.5,7532.975,7,75.6,Low,Moderate,Fair
7.547,8043.888,5,77.46,Optimal,Good,Low
9.142,9298.729,8,87.81,High,Good,Good
6.596,9200.238,4,71.56,Low,Good,Low
8.0,10000.0,10,100.0,Optimal,Good,Excellent
7.774,4486.0,1,53.46,Optimal,Low,Poor
6.514,9119.154,8,83.83,Low,Good,Good
7.356,5779.149,8,78.67,Optimal,Moderate,Good
7.611,18934.0,9,96.08,Optimal,High,Good
10.0,8595.21,6,70.45,High,Good,Fair
5.219,8499.0,5,57.46,Poor,Good,Low
8.845,6501.569,5,70.84,Optimal,Moderate,Low
6.748,6697.794,5,68.91,Low,Moderate,Low
4.259,9457.818,4,48.45,Poor,Good,Low
7.165,10455.875,6,84.67,Optimal,Good,Fair
7.991,9526.668,4,78.58,Optimal,Good,Low
7.772,0.0,2,43.33,Optimal,,Poor
1.212,2550.0,2,10.98,Poor,Low,Poor
7.164,8959.359,7,84.88,Optimal,Good,Fair
2.765,12669.0,1,30.21,Poor,High,Poor
6.886,0.0,4,46.86,Low,,Low
9.187,10205.855,7,86.13,High,Good,Fair
2.013,4690.0,2,17.4,Poor,Low,Poor
8.3,6651.314,7,79.95,Optimal,Moderate,Fair
6.263,8887.003,8,80.62,Low,Good,Good
7.034,5526.959,5,67.91,Optimal,Moderate,Low
6.127,0.0,5,42.6,Low,,Low
6.615,6821.82,8,77.95,Low,Moderate,Good
6.155,12131.0,5,72.88,Low,High,Low
7.356,6598.926,5,71.13,Optimal,Moderate,Low
7.713,11997.743,7,90.0,Optimal,Good,Fair
7.973,6818.366,8,83.79,Optimal,Moderate,Good
6.06,8834.79,5,68.44,Low,Good,Low
5.721,9158.838,7,72.13,Poor,Good,Fair
2.336,317.0,10,30.95,Poor,Low,Excellent
7.654,6649.038,8,83.28,Optimal,Moderate,Good
8.35,7520.985,8,85.9,Optimal,Moderate,Good
7.465,9020.455,7,85.06,Optimal,Good,Fair
5.906,7637.229,8,73.12,Poor,Moderate,Good
8.903,8303.755,4,72.91,Optimal,Good,Low
8.583,9216.884,8,88.98,Optimal,Good,Good
7.734,7064.356,6,77.86,Optimal,Moderate,Fair
8.235,9022.653,7,87.07,Optimal,Good,Fair
7.197,10260.44,6,84.67,Optimal,Good,Fair
9.439,7218.536,4,65.27,High,Moderate,Low
9.4,8249.094,7,78.75,High,Good,Fair
7.2,10936.0,1,68.0,Optimal,Good,Poor
6.177,9540.501,6,75.06,Low,Good,Fair
7.382,8044.901,8,85.47,Optimal,Good,Good
8.815,6889.773,6,75.34,Optimal,Moderate,Fair
8.921,9580.757,5,80.08,Optimal,Good,Low
7.586,6453.125,6,76.03,Optimal,Moderate,Fair
9.169,8397.899,4,71.5,High,Good,Low
7.362,9187.853,6,82.23,Optimal,Good,Fair
8.424,12441.368,5,83.33,Optimal,High,Low
6.545,11552.175,8,86.78,Low,Good,Good
9.993,6557.631,6,64.41,High,Moderate,Fair
6.008,7247.0,1,49.82,Low,Moderate,Poor
8.721,8398.971,8,86.53,Optimal,Good,Good
13.855,5655.0,5,30.3,Excessive,Moderate,Low
8.689,7882.471,8,84.98,Optimal,Moderate,Good
8.377,9782.0,1,69.35,Optimal,Good,Poor
6.654,7655.711,6,74.17,Low,Moderate,Fair
6.898,0.0,4,46.98,Low,,Low
6.957,8833.859,8,87.4,Low,Good,Good
7.989,5686.043,7,77.06,Optimal,Moderate,Fair
7.919,7483.839,8,85.78,Optimal,Moderate,Good
7.19,6686.09,6,74.72,Optimal,Moderate,Fair
7.269,8000.373,7,82.0,Optimal,Good,Fair
7.333,5205.695,5,66.95,Optimal,Moderate,Low
7.063,4974.086,5,66.26,Optimal,Low,Low
9.196,7147.463,6,74.15,High,Moderate,Fair
8.208,6297.674,6,75.56,Optimal,Moderate,Fair
7.623,8397.352,7,85.19,Optimal,Good,Fair
8.341,5928.178,8,81.12,Optimal,Moderate,Good
7.528,7238.007,5,75.05,Optimal,Moderate,Low
6.453,10070.258,8,85.86,Low,Good,Good
7.177,7750.041,6,77.92,Optimal,Moderate,Fair
9.562,6923.077,7,73.15,High,Moderate,Fair
7.111,23233.0,8,90.1,Optimal,Extreme,Good
6.38,7976.553,6,72.4,Low,Moderate,Fair
6.892,10073.031,5,80.25,Low,Good,Low
6.923,5725.642,6,71.07,Low,Moderate,Fair
5.861,5201.0,5,55.27,Poor,Moderate,Low
13.204,22755.0,10,58.84,Excessive,Extreme,Excellent
7.952,6778.436,7,80.34,Optimal,Moderate,Fair
7.896,7535.391,6,79.27,Optimal,Moderate,Fair
8.553,7092.415,6,75.94,Optimal,Moderate,Fair
9.557,9441.544,7,80.75,High,Good,Fair
1.395,5687.0,1,17.06,Poor,Moderate,Poor
8.239,6152.786,8,81.79,Optimal,Moderate,Good
5.929,6638.234,6,63.73,Poor,Moderate,Fair
7.129,4808.726,5,65.76,Optimal,Low,Low
8.336,5191.997,7,75.58,Optimal,Moderate,Fair
8.498,9279.807,8,91.17,Optimal,Good,Good
8.453,9095.312,5,80.62,Optimal,Good,Low
0.0,1515.0,4,14.54,,Low,Low
6.036,7422.409,4,60.63,Low,Moderate,Low
8.023,10916.051,5,83.33,Optimal,Good,Low
7.174,10208.141,6,84.67,Optimal,Good,Fair
9.296,8824.218,8,84.85,High,Good,Good
7.725,9193.517,6,84.25,Optimal,Good,Fair
12.993,7035.0,4,31.1,Excessive,Moderate,Low
7.724,6479.418,4,69.44,Optimal,Moderate,Low
8.015,6387.275,5,72.5,Optimal,Moderate,Low
6.18,10851.789,7,79.8,Low,Good,Fair
7.323,10394.373,4,78.0,Optimal,Good,Low
8.854,6042.372,4,66.13,Optimal,Moderate,Low
2.329,1475.0,10,34.42,Poor,Low,Excellent
8.114,7501.272,8,85.84,Optimal,Moderate,Good
8.433,3952.692,7,71.86,Optimal,Low,Fair
8.143,8594.167,6,82.45,Optimal,Good,Fair
8.294,10067.782,4,80.0,Optimal,Good,Low
12.075,8937.0,3,33.82,Excessive,Good,Poor
2.718,18777.0,1,29.61,Poor,High,Poor
7.066,7979.669,5,75.27,Optimal,Moderate,Low
8.178,10486.624,5,83.33,Optimal,Good,Low
6.101,8572.39,5,68.06,Low,Good,Low
8.121,9239.618,8,91.05,Optimal,Good,Good
10.599,6463.0,3,46.87,High,Moderate,Poor
7.858,8504.335,7,85.51,Optimal,Good,Fair
3.613,1731.0,10,40.1,Poor,Low,Excellent
0.0,0.0,1,0.0,,,Poor
7.181,7669.754,5,74.34,Optimal,Moderate,Low
9.69,6395.691,7,70.29,High,Moderate,Fair
8.679,4406.524,4,61.22,Optimal,Low,Low
8.014,7677.819,6,79.7,Optimal,Moderate,Fair
7.992,5650.317,7,76.95,Optimal,Moderate,Fair
7.274,8157.806,7,82.47,Optimal,Good,Fair
6.11,10109.718,4,69.1,Low,Good,Low
9.506,6813.35,5,66.71,High,Moderate,Low
7.002,24128.0,10,96.63,Optimal,Extreme,Excellent
6.861,10035.373,4,76.61,Low,Good,Low
6.567,9520.427,7,82.23,Low,Good,Fair
8.313,8968.893,5,80.24,Optimal,Good,Low
8.0,10000.0,10,100.0,Optimal,Good,Excellent
7.68,11368.697,5,83.33,Optimal,Good,Low
7.577,4911.245,4,64.73,Optimal,Low,Low
6.692,10732.309,4,74.92,Low,Good,Low
7.404,11491.743,4,78.0,Optimal,Good,Low
7.708,5020.725,5,68.4,Optimal,Moderate,Low
5.943,5529.439,4,53.9,Poor,Moderate,Low
7.484,5196.184,6,70.26,Optimal,Moderate,Fair
7.179,8182.377,8,85.88,Optimal,Good,Good
6.849,12969.94,4,76.49,Low,High,Low
7.642,4957.74,8,78.21,Optimal,Low,Good
6.707,7014.455,4,66.11,Low,Moderate,Low
6.014,6420.305,7,67.4,Low,Moderate,Fair
7.219,7711.424,8,84.47,Optimal,Moderate,Good
7.909,0.0,6,56.67,Optimal,,Fair
8.061,5627.862,6,73.55,Optimal,Moderate,Fair
8.287,6985.457,4,70.96,Optimal,Moderate,Low
6.69,9588.602,5,77.0,Low,Good,Low
6.796,9979.72,4,75.9,Low,Good,Low
8.278,9494.146,6,85.15,Optimal,Good,Fair
7.829,7790.416,4,73.37,Optimal,Moderate,Low
6.926,5007.602,6,68.95,Low,Moderate,Fair
8.193,5267.105,4,65.8,Optimal,Moderate,Low
7.984,0.0,6,56.67,Optimal,,Fair
8.323,8846.684,6,83.21,Optimal,Good,Fair
5.93,4655.5,8,64.46,Poor,Low,Good
6.613,7067.392,8,78.67,Low,Moderate,Good
7.96,5692.534,8,80.41,Optimal,Moderate,Good
3.311,12946.0,1,32.49,Poor,High,Poor
6.527,7662.07,7,76.26,Low,Moderate,Fair
8.157,24780.0,10,98.53,Optimal,Extreme,Excellent
7.385,6431.019,7,77.29,Optimal,Moderate,Fair
8.0,10000.0,10,100.0,Optimal,Good,Excellent
8.257,9987.86,6,86.63,Optimal,Good,Fair
7.21,8942.88,5,78.16,Optimal,Good,Low
8.729,5349.0,5,67.38,Optimal,Moderate,Low
8.0,10000.0,10,100.0,Optimal,Good,Excellent
4.803,7052.27,5,48.91,Poor,Moderate,Low
7.011,9727.893,8,90.52,Optimal,Good,Good
6.596,9806.878,4,73.38,Low,Good,Low
14.221,4551.0,5,26.99,Excessive,Low,Low
8.371,3579.914,6,67.41,Optimal,Low,Fair
5.985,6902.502,7,68.53,Poor,Moderate,Fair
0.589,2023.0,3,12.74,Poor,Low,Poor
5.61,5625.069,6,56.86,Poor,Moderate,Fair
8.421,20833.0,6,85.79,Optimal,Extreme,Fair
7.178,8561.065,5,77.02,Optimal,Good,Low
9.145,8651.682,8,85.84,High,Good,Good
6.745,7394.077,6,74.3,Low,Moderate,Fair
7.274,10502.913,4,78.0,Optimal,Good,Low
6.302,8945.326,7,77.86,Low,Good,Fair
6.51,8272.275,7,77.92,Low,Good,Fair
8.617,11879.977,6,84.67,Optimal,Good,Fair
8.748,6557.9,5,71.01,Optimal,Moderate,Low
7.378,9958.371,7,87.88,Optimal,Good,Fair
9.312,11654.523,8,88.21,High,Good,Good
8.688,11896.489,4,78.0,Optimal,Good,Low
5.949,12700.412,8,80.72,Poor,High,Good
3.747,20215.0,1,35.19,Poor,Extreme,Poor
9.227,7574.997,4,68.45,High,Moderate,Low
7.488,5222.184,6,70.33,Optimal,Moderate,Fair
8.069,7387.668,4,72.16,Optimal,Moderate,Low
8.114,5470.627,8,79.75,Optimal,Moderate,Good
7.986,4440.0,1,53.32,Optimal,Low,Poor
9.563,6460.875,4,61.75,High,Moderate,Low
7.419,12408.458,6,84.67,Optimal,High,Fair
7.821,7419.925,7,82.26,Optimal,Moderate,Fair
7.582,2191.071,4,56.57,Optimal,Low,Low
7.703,6992.992,5,74.31,Optimal,Moderate,Low
